i,j,distance
0,1,147.2973
0,2,134.6952
0,3,55.7964
0,4,220.1101
0,5,223.6021
0,6,86.8605
0,7,173.3747
0,8,130.7206
0,9,221.4783
0,10,157.2899
0,11,115.6962
0,12,64.4570
0,13,228.5445
0,14,191.5706
0,15,14.6270
0,16,189.8808
0,17,195.5858
0,18,126.8296
0,19,175.3622
0,20,199.6031
0,21,125.7104
0,22,135.4980
0,23,88.7646
0,24,82.3719
0,25,94.0396
0,26,166.7502
0,27,189.5281
0,28,148.9569
0,29,255.4821
0,30,79.7534
0,31,205.2846
0,32,153.5928
0,33,159.8287
0,34,119.5040
0,35,164.6437
0,36,248.8551
0,37,63.5428
0,38,89.2921
0,39,226.1352
0,40,203.1355
0,41,223.4359
0,42,88.7292
0,43,266.7423
0,44,145.6500
0,45,100.9576
0,46,159.1346
0,47,116.5868
0,48,44.4430
0,49,33.5117
0,50,268.1474
0,51,203.1508
0,52,94.0186
0,53,169.7286
0,54,67.6136
0,55,38.4197
0,56,135.6309
0,57,176.1757
0,58,58.4069
0,59,262.8361
0,60,201.9728
0,61,90.1206
0,62,180.7262
0,63,106.9506
0,64,71.9851
0,65,67.9196
0,66,174.4433
0,67,250.9903
0,68,134.4778
0,69,199.4392
0,70,59.0535
0,71,224.9630
0,72,217.2190
0,73,177.7171
0,74,180.4145
0,75,165.0185
0,76,229.0349
0,77,132.1119
0,78,29.0819
0,79,103.4134
0,80,242.5192
0,81,125.3655
0,82,190.2350
0,83,228.9222
0,84,158.8000
0,85,126.2519
0,86,56.2194
0,87,147.1809
0,88,142.1811
0,89,181.7310
0,90,223.5132
0,91,143.4158
0,92,181.2505
0,93,180.6803
0,94,117.7442
0,95,153.4583
0,96,227.8674
0,97,83.1562
0,98,174.0093
0,99,84.3895
0,100,223.3330
0,101,47.8548
0,102,207.4744
0,103,112.9314
0,104,153.6021
0,105,171.2587
0,106,163.4206
0,107,95.1223
0,108,148.0935
0,109,129.3803
0,110,176.1513
0,111,149.0236
0,112,232.6945
0,113,140.3181
0,114,221.5750
0,115,156.4355
0,116,252.5408
0,117,199.5769
0,118,63.2132
0,119,31.2063
0,120,220.3575
0,121,189.0995
0,122,145.4844
0,123,126.1983
0,124,234.9402
0,125,84.6510
0,126,160.8507
0,127,162.4780
0,128,130.4221
0,129,168.9043
0,130,19.3960
0,131,54.7197
0,132,186.7407
0,133,252.6761
0,134,163.9337
0,135,184.7264
0,136,228.6392
0,137,203.7866
0,138,199.0307
0,139,123.0569
0,140,165.9396
0,141,197.1787
0,142,191.1411
0,143,158.9282
0,144,36.4277
0,145,192.5201
0,146,120.8432
0,147,56.4929
0,148,123.6302
0,149,122.3577
1,2,117.3750
1,3,98.2199
1,4,174.5686
1,5,249.8993
1,6,171.4021
1,7,218.8166
1,8,209.0832
1,9,264.3926
1,10,232.2736
1,11,78.1281
1,12,82.8675
1,13,166.5773
1,14,216.2570
1,15,132.7923
1,16,198.6527
1,17,72.8208
1,18,21.4010
1,19,76.4038
1,20,98.8417
1,21,45.4413
1,22,33.8055
1,23,59.9744
1,24,127.7316
1,25,137.4832
1,26,228.7445
1,27,147.7108
1,28,191.2349
1,29,204.3418
1,30,165.5048
1,31,243.0124
1,32,179.3111
1,33,235.6732
1,34,61.0518
1,35,230.2397
1,36,198.1023
1,37,96.1206
1,38,176.9908
1,39,222.6286
1,40,133.9560
1,41,219.7332
1,42,62.7010
1,43,248.7111
1,44,127.2566
1,45,197.7717
1,46,130.0112
1,47,80.2809
1,48,110.7131
1,49,124.9601
1,50,244.9691
1,51,127.1775
1,52,92.8795
1,53,209.4984
1,54,83.2440
1,55,135.7539
1,56,154.7877
1,57,164.8626
1,58,101.2134
1,59,230.9295
1,60,262.3248
1,61,61.4899
1,62,114.4620
1,63,44.4638
1,64,102.1931
1,65,134.8367
1,66,210.9146
1,67,204.1283
1,68,33.9956
1,69,160.2752
1,70,171.6104
1,71,204.9292
1,72,199.2078
1,73,101.2434
1,74,157.0171
1,75,81.2806
1,76,170.5697
1,77,189.2825
1,78,126.9418
1,79,71.7805
1,80,209.9629
1,81,131.5041
1,82,66.9300
1,83,242.3538
1,84,16.2932
1,85,96.4766
1,86,112.9879
1,87,12.8642
1,88,30.8445
1,89,109.1529
1,90,264.7439
1,91,226.8739
1,92,253.2440
1,93,62.0689
1,94,111.4112
1,95,12.8598
1,96,167.1048
1,97,65.2097
1,98,239.4851
1,99,116.4090
1,100,150.1324
1,101,99.4986
1,102,123.8298
1,103,93.5789
1,104,186.5446
1,105,101.2258
1,106,232.7893
1,107,66.8387
1,108,62.7869
1,109,183.4996
1,110,179.2490
1,111,153.7105
1,112,198.4553
1,113,97.4492
1,114,201.9029
1,115,127.9478
1,116,240.0458
1,117,99.6708
1,118,174.8002
1,119,140.4154
1,120,204.8542
1,121,183.3171
1,122,23.5271
1,123,67.7005
1,124,186.9139
1,125,183.0905
1,126,118.0322
1,127,176.1350
1,128,128.1656
1,129,244.2560
1,130,129.7990
1,131,157.4306
1,132,46.5710
1,133,238.8614
1,134,139.9713
1,135,254.2901
1,136,215.5424
1,137,200.5886
1,138,190.1627
1,139,114.1121
1,140,194.9456
1,141,273.1322
1,142,246.6913
1,143,53.0722
1,144,110.8701
1,145,194.2736
1,146,128.5261
1,147,157.2105
1,148,85.0777
1,149,37.7372
2,3,88.1635
2,4,86.0016
2,5,132.7254
2,6,90.1434
2,7,103.7172
2,8,108.8902
2,9,147.3126
2,10,125.9676
2,11,41.8478
2,12,105.7373
2,13,94.1019
2,14,98.8832
2,15,124.1959
2,16,82.2273
2,17,104.7911
2,18,103.1170
2,19,74.4221
2,20,87.5309
2,21,72.3938
2,22,83.6505
2,23,91.4382
2,24,56.0621
2,25,51.5822
2,26,117.5851
2,27,54.9311
2,28,78.1207
2,29,121.5264
2,30,88.9356
2,31,125.8634
2,32,63.1494
2,33,129.2851
2,34,57.6100
2,35,120.2396
2,36,114.8039
2,37,78.5534
2,38,94.9112
2,39,110.7289
2,40,71.9802
2,41,107.7506
2,42,84.2883
2,43,144.5255
2,44,12.6008
2,45,113.0514
2,46,24.5956
2,47,39.4227
2,48,94.0216
2,49,101.4125
2,50,143.4245
2,51,74.7060
2,52,46.2503
2,53,93.8227
2,54,119.9578
2,55,98.4070
2,56,40.5338
2,57,51.8005
2,58,81.5480
2,59,134.1687
2,60,148.1183
2,61,83.9577
2,62,53.1095
2,63,87.4180
2,64,64.9042
2,65,72.5715
2,66,94.5602
2,67,117.6133
2,68,83.3992
2,69,65.5289
2,70,112.0844
2,71,99.5395
2,72,92.3384
2,73,57.5961
2,74,49.7604
2,75,58.8287
2,76,94.3750
2,77,82.8386
2,78,137.9614
2,79,55.3940
2,80,112.6927
2,81,20.4845
2,82,102.6814
2,83,126.6479
2,84,113.6240
2,85,21.2033
2,86,78.9739
2,87,106.0804
2,88,87.8626
2,89,57.3452
2,90,147.5466
2,91,125.7302
2,92,143.2845
2,93,94.0394
2,94,17.0432
2,95,110.8036
2,96,93.3425
2,97,110.5407
2,98,128.4492
2,99,50.6503
2,100,91.2222
2,101,107.6373
2,102,81.8728
2,103,29.8512
2,104,71.2972
2,105,49.9620
2,106,123.9743
2,107,68.5279
2,108,61.1803
2,109,77.1051
2,110,62.9147
2,111,36.3641
2,112,101.7990
2,113,23.2840
2,114,96.1180
2,115,21.8281
2,116,132.7477
2,117,86.8621
2,118,112.5342
2,119,106.4872
2,120,97.0607
2,121,69.7302
2,122,95.7966
2,123,49.7093
2,124,100.9155
2,125,105.8987
2,126,28.2613
2,127,58.7687
2,128,13.6681
2,129,136.5677
2,130,130.2908
2,131,100.3889
2,132,121.2195
2,133,132.1291
2,134,31.1857
2,135,143.3599
2,136,107.2390
2,137,87.3096
2,138,78.2882
2,139,11.6384
2,140,78.2790
2,141,163.0243
2,142,132.1702
2,143,78.2461
2,144,114.2680
2,145,79.1187
2,146,21.3517
2,147,98.7690
2,148,32.6962
2,149,82.0490
3,4,173.7747
3,5,200.8520
3,6,83.4470
3,7,156.1066
3,8,127.8207
3,9,205.7379
3,10,154.2447
3,11,61.2273
3,12,26.3601
3,13,179.0059
3,14,166.3487
3,15,41.9012
3,16,158.2579
3,17,140.0023
3,18,76.8577
3,19,119.6657
3,20,144.1757
3,21,70.4285
3,22,81.0846
3,23,38.4486
3,24,50.7565
3,25,64.9067
3,26,157.2636
3,27,142.3313
3,28,128.1298
3,29,209.2497
3,30,76.1993
3,31,186.4564
3,32,125.6237
3,33,157.4161
3,34,63.7213
3,35,156.9175
3,36,202.4838
3,37,9.6271
3,38,88.4603
3,39,192.3258
3,40,151.2628
3,41,189.4206
3,42,35.8119
3,43,229.9433
3,44,100.4043
3,45,107.7515
3,46,112.5106
3,47,62.4481
3,48,12.7255
3,49,27.0482
3,50,229.8299
3,51,150.2523
3,52,42.6460
3,53,149.5349
3,54,40.3165
3,55,37.7994
3,56,102.5923
3,57,136.4351
3,58,7.9434
3,59,221.8051
3,60,193.5535
3,61,37.1229
3,62,128.2067
3,63,54.5908
3,64,24.3343
3,65,47.0300
3,66,153.1030
3,67,205.6217
3,68,80.0800
3,69,153.5239
3,70,74.9966
3,71,185.7707
3,72,178.2321
3,73,123.6888
3,74,137.3507
3,75,109.8071
3,76,180.2217
3,77,117.1932
3,78,50.4113
3,79,47.8961
3,80,200.5261
3,81,85.2620
3,82,134.7472
3,83,201.3574
3,84,107.3064
3,85,75.0278
3,86,19.8378
3,87,95.5466
3,88,87.9520
3,89,128.3694
3,90,207.1144
3,91,144.4560
3,92,177.8512
3,93,125.1063
3,94,71.4850
3,95,102.0506
3,96,178.5417
3,97,43.5499
3,98,166.7786
3,99,45.0597
3,100,171.5837
3,101,19.9782
3,102,153.7265
3,103,61.6255
3,104,128.8521
3,105,117.6802
3,106,157.6439
3,107,39.4427
3,108,92.3427
3,109,112.5029
3,110,141.3480
3,111,111.9849
3,112,189.8149
3,113,88.3880
3,114,182.3166
3,115,109.6870
3,116,216.9514
3,117,144.1960
3,118,78.6069
3,119,42.2090
3,120,182.3185
3,121,152.2322
3,122,92.1629
3,123,70.7203
3,124,188.6755
3,125,91.2363
3,126,111.1340
3,127,130.4090
3,128,88.0889
3,129,166.7132
3,130,44.7438
3,131,61.5018
3,132,133.3372
3,133,216.6700
3,134,119.2098
3,135,180.2036
3,136,191.7886
3,137,168.8123
3,138,161.8399
3,139,77.0479
3,140,140.5943
3,141,196.5928
3,142,179.8290
3,143,103.2682
3,144,26.4080
3,145,158.5190
3,146,80.4694
3,147,61.7273
3,148,70.2166
3,149,68.2903
4,5,113.5878
4,6,160.8496
4,7,121.5163
4,8,157.7967
4,9,140.0390
4,10,161.2814
4,11,118.8797
4,12,189.0398
4,13,23.4363
4,14,96.1201
4,15,210.0702
4,16,72.7784
4,17,123.1034
4,18,168.5001
4,19,101.2701
4,20,89.4314
4,21,138.3207
4,22,143.9412
4,23,170.4398
4,24,138.8986
4,25,130.1351
4,26,144.4432
4,27,31.5360
4,28,113.1622
4,29,35.5259
4,30,162.6043
4,31,122.2978
4,32,94.0737
4,33,163.6998
4,34,128.6763
4,35,149.2815
4,36,28.8073
4,37,164.1482
4,38,164.0241
4,39,67.2805
4,40,44.1677
4,41,65.4655
4,42,163.8936
4,43,76.8815
4,44,74.5011
4,45,176.4746
4,46,61.4184
4,47,116.7531
4,48,180.0211
4,49,187.1005
4,50,71.6264
4,51,53.2607
4,52,131.2581
4,53,112.3622
4,54,202.4376
4,55,182.8689
4,56,94.2684
4,57,52.2250
4,58,167.4085
4,59,56.4414
4,60,158.4013
4,61,163.1996
4,62,60.1202
4,63,160.8493
4,64,150.8771
4,65,154.9799
4,66,108.7334
4,67,32.0999
4,68,144.2587
4,69,20.6836
4,70,189.4739
4,71,41.0265
4,72,40.3975
4,73,73.7615
4,74,41.9338
4,75,93.3462
4,76,18.6495
4,77,130.4933
4,78,223.8584
4,79,134.5806
4,80,36.2297
4,81,95.7231
4,82,125.4409
4,83,95.8476
4,84,163.8587
4,85,100.0099
4,86,164.8530
4,87,161.7072
4,88,144.4584
4,89,65.8430
4,90,138.4394
4,91,169.3923
4,92,167.2487
4,93,122.5391
4,94,103.0252
4,95,163.6310
4,96,21.6794
4,97,190.1724
4,98,152.9194
4,99,135.7212
4,100,40.5653
4,101,192.8672
4,102,61.5962
4,103,112.8289
4,104,102.0817
4,105,73.3711
4,106,154.7660
4,107,148.2119
4,108,112.5978
4,109,127.0156
4,110,65.9323
4,111,78.0526
4,112,25.4026
4,113,88.8448
4,114,39.7948
4,115,64.2143
4,116,72.2331
4,117,88.2345
4,118,188.7895
4,119,190.8699
4,120,45.6020
4,121,53.7999
4,122,151.1388
4,123,118.4075
4,124,14.9165
4,125,175.8302
4,126,64.1739
4,127,79.8920
4,128,89.9405
4,129,166.8972
4,130,216.2911
4,131,180.2056
4,132,154.6161
4,133,70.4363
4,134,56.2464
4,135,164.8822
4,136,53.8416
4,137,58.3630
4,138,49.6245
4,139,97.5298
4,140,97.3663
4,141,183.0838
4,142,144.5555
4,143,122.0446
4,144,200.0520
4,145,63.4901
4,146,99.9061
4,147,178.3562
4,148,108.1433
4,149,149.2007
5,6,138.2481
5,7,51.8256
5,8,103.5988
5,9,28.5106
5,10,87.2714
5,11,173.9002
5,12,225.2317
5,13,136.9457
5,14,34.8811
5,15,220.2461
5,16,51.9771
5,17,221.7187
5,18,235.7205
5,19,193.2281
5,20,192.0800
5,21,205.1167
5,22,216.0987
5,23,218.7621
5,24,150.4452
5,25,136.2927
5,26,68.5077
5,27,117.8664
5,28,74.8034
5,29,123.2882
5,30,144.6301
5,31,22.5796
5,32,75.5726
5,33,87.4702
5,34,190.2330
5,35,73.3183
5,36,121.5268
5,37,192.9228
5,38,137.3523
5,39,48.5475
5,40,149.6956
5,41,49.4357
5,42,211.5469
5,43,77.5381
5,44,122.7017
5,45,135.5236
5,46,122.0978
5,47,171.5243
5,48,199.7546
5,49,198.5980
5,50,85.3420
5,51,158.8082
5,52,169.4155
5,53,53.8967
5,54,240.0452
5,55,187.1310
5,56,100.0755
5,57,87.7261
5,58,192.9119
5,59,96.1362
5,60,56.7093
5,61,211.6009
5,62,152.6129
5,63,218.5580
5,64,177.5823
5,65,159.3718
5,66,49.1871
5,67,115.9569
5,68,215.9075
5,69,110.0512
5,70,170.4258
5,71,74.6160
5,72,73.3244
5,73,166.0991
5,74,99.4281
5,75,179.6091
5,76,131.8033
5,77,91.9832
5,78,240.8051
5,79,185.4198
5,80,93.1505
5,81,121.9798
5,82,221.9911
5,83,20.8352
5,84,244.8993
5,85,153.8794
5,86,183.2233
5,87,238.2643
5,88,219.8364
5,89,159.9417
5,90,26.1491
5,91,102.7247
5,92,77.0794
5,93,215.7730
5,94,141.7831
5,95,242.5802
5,96,135.1914
5,97,235.8581
5,98,69.2844
5,99,156.1308
5,100,153.2858
5,101,220.1010
5,102,168.6377
5,103,159.7224
5,104,72.0966
5,105,161.2186
5,106,78.1224
5,107,197.0193
5,108,190.3628
5,109,94.2587
5,110,71.0585
5,111,96.7563
5,112,95.5292
5,113,152.8413
5,114,74.7285
5,115,123.6223
5,116,64.4417
5,117,190.9476
5,118,167.3662
5,119,193.0223
5,120,68.6327
5,121,70.7658
5,122,227.7298
5,123,182.3859
5,124,116.2879
5,125,146.0651
5,126,136.1660
5,127,74.4964
5,128,123.3441
5,129,84.3014
5,130,229.6459
5,131,169.6580
5,132,246.9218
5,133,66.4200
5,134,112.3922
5,135,72.8016
5,136,63.3006
5,137,57.2270
5,138,68.1488
5,139,137.8041
5,140,60.2637
5,141,84.5106
5,142,50.5077
5,143,205.8643
5,144,221.6077
5,145,58.3955
5,146,126.0953
5,147,167.7499
5,148,165.3854
5,149,214.6978
6,7,87.0873
6,8,45.7753
6,9,134.6418
6,10,72.7914
6,11,102.1830
6,12,109.5597
6,13,176.1613
6,14,108.2389
6,15,86.3792
6,16,111.7332
6,17,187.6218
6,18,150.8022
6,19,159.0845
6,20,176.3663
6,21,130.8147
6,22,144.1621
6,23,117.2448
6,24,44.5791
6,25,40.0016
6,26,80.1354
6,27,135.3244
6,28,65.1264
6,29,193.5906
6,30,7.6402
6,31,118.9607
6,32,75.1273
6,33,75.7184
6,34,116.6311
6,35,78.3905
6,36,187.6301
6,37,80.0983
6,38,5.6272
6,39,148.1427
6,40,160.3135
6,41,145.7698
6,42,111.7804
6,43,190.2948
6,44,95.1012
6,45,26.4842
6,46,108.5299
6,47,101.1606
6,48,75.9880
6,49,68.6322
6,50,193.3727
6,51,164.1989
6,52,80.3839
6,53,84.5438
6,54,122.4399
6,55,54.5532
6,56,66.6033
6,57,109.6613
6,58,76.7592
6,59,191.7883
6,60,115.8883
6,61,112.6484
6,62,143.1542
6,63,127.7634
6,64,69.8273
6,65,37.4461
6,66,89.6232
6,67,187.6618
6,68,143.3803
6,69,141.2629
6,70,32.7585
6,71,153.2816
6,72,145.7498
6,73,147.2340
6,74,118.9686
6,75,144.2362
6,76,174.7273
6,77,46.2851
6,78,108.4011
6,79,101.3855
6,80,173.8771
6,81,71.1485
6,82,184.0848
6,83,145.8660
6,84,175.5848
6,85,96.7587
6,86,63.7909
6,87,164.6576
6,88,150.7556
6,89,147.4712
6,90,136.7130
6,91,61.3880
6,92,96.9069
6,93,174.3922
6,94,79.0457
6,95,170.9879
6,96,174.9732
6,97,126.7646
6,98,88.0063
6,99,56.0770
6,100,178.0728
6,101,97.7186
6,102,171.8424
6,103,88.9747
6,104,72.2158
6,105,139.5935
6,106,77.7782
6,107,104.5746
6,108,137.5361
6,109,44.7166
6,110,102.7220
6,111,82.7999
6,112,166.0571
6,113,108.7417
6,114,150.1935
6,115,106.6790
6,116,175.2968
6,117,175.8219
6,118,30.4129
6,119,58.2604
6,120,147.4362
6,121,117.0115
6,122,157.5046
6,123,116.2909
6,124,174.3995
6,125,15.7906
6,126,117.6577
6,127,87.3434
6,128,78.5289
6,129,85.0537
6,130,96.4436
6,131,32.1408
6,132,194.3180
6,133,175.8613
6,134,108.3014
6,135,99.8835
6,136,153.7979
6,137,128.2326
6,138,126.5066
6,139,81.5309
6,140,84.0252
6,141,114.6282
6,142,104.4160
6,143,154.0570
6,144,94.5184
6,145,116.6721
6,146,68.9685
6,147,30.3876
6,148,102.6065
6,149,134.7910
7,8,52.5588
7,9,49.6606
7,10,42.5055
7,11,140.7058
7,12,181.6687
7,13,143.7593
7,14,30.0919
7,15,171.0911
7,16,49.3666
7,17,204.9348
7,18,202.0070
7,19,174.6526
7,20,180.4090
7,21,173.3908
7,22,185.7548
7,23,179.2086
7,24,105.4304
7,25,91.4174
7,26,23.6151
7,27,111.7849
7,28,28.5024
7,29,143.7844
7,30,93.7885
7,31,31.9158
7,32,40.7270
7,33,44.1555
7,34,157.7677
7,35,28.8231
7,36,139.7882
7,37,149.1188
7,38,85.8384
7,39,76.5303
7,40,145.0075
7,41,75.2602
7,42,172.2314
7,43,117.0130
7,44,97.3722
7,45,83.8793
7,46,102.6093
7,47,138.5362
7,48,153.2570
7,49,150.3887
7,50,122.6768
7,51,152.8420
7,52,130.5943
7,53,10.3938
7,54,196.2248
7,55,138.0238
7,56,64.1258
7,57,76.1418
7,58,148.2234
7,59,127.5100
7,60,44.4978
7,61,172.5306
7,62,139.7895
7,63,182.2777
7,64,134.3290
7,65,111.7498
7,66,12.7938
7,67,136.5180
7,68,185.3585
7,69,109.3098
7,70,118.8812
7,71,93.7582
7,72,88.3477
7,73,150.9890
7,74,90.2777
7,75,159.4879
7,76,139.8224
7,77,41.2880
7,78,192.2967
7,79,149.3535
7,80,116.1410
7,81,87.3520
7,82,203.8250
7,83,63.4369
7,84,216.7287
7,85,123.2208
7,86,137.3167
7,87,208.3811
7,88,190.6347
7,89,146.7282
7,90,51.1788
7,91,55.2694
7,92,46.0079
7,93,196.0042
7,94,107.4080
7,95,213.5467
7,96,142.0875
7,97,194.5473
7,98,31.4062
7,99,113.0902
7,100,155.1573
7,101,174.4513
7,102,162.6796
7,103,125.3511
7,104,32.4770
7,105,144.5094
7,106,34.4823
7,107,159.1719
7,108,164.8598
7,109,44.6115
7,110,57.8522
7,111,68.9695
7,112,113.2188
7,113,126.6129
7,114,91.9266
7,115,103.0044
7,116,101.8925
7,117,179.4238
7,118,115.7203
7,119,143.3575
7,120,86.6960
7,121,67.8354
7,122,198.5256
7,123,151.7519
7,124,130.0225
7,125,94.2765
7,126,117.2922
7,127,49.5120
7,128,91.3326
7,129,45.7266
7,130,180.7843
7,131,118.9217
7,132,224.6355
7,133,103.1901
7,134,94.8870
7,135,44.1809
7,136,87.8749
7,137,66.6835
7,138,72.5428
7,139,104.8798
7,140,27.4317
7,141,63.5060
7,142,28.5112
7,143,181.7883
7,144,174.5947
7,145,58.4962
7,146,90.3187
7,147,117.0616
7,148,134.2284
7,149,181.6817
8,9,93.8863
8,10,27.0253
8,11,134.0674
8,12,154.1552
8,13,177.3327
8,14,80.6383
8,15,131.6201
8,16,93.2345
8,17,213.2545
8,18,189.5039
8,19,183.1113
8,20,195.6194
8,21,165.6613
8,22,179.0009
8,23,159.0368
8,24,82.3155
8,25,71.6001
8,26,37.5202
8,27,139.1587
8,28,44.9957
8,29,185.8435
8,30,53.4155
8,31,81.9269
8,32,63.7285
8,33,29.9503
8,34,150.3597
8,35,34.4672
8,36,180.8371
8,37,123.3306
8,38,42.0266
8,39,126.2090
8,40,169.5993
8,41,124.4701
8,42,152.9402
8,43,167.9401
8,44,108.5647
8,45,32.6522
8,46,119.2215
8,47,132.4660
8,48,121.3072
8,49,114.4066
8,50,172.8563
8,51,175.6025
8,52,116.2037
8,53,55.0045
8,54,167.5029
8,55,100.2910
8,56,71.7190
8,57,106.1632
8,58,120.6629
8,59,175.4373
8,60,71.3411
8,61,153.6307
8,62,157.5417
8,63,167.1830
8,64,111.0942
8,65,80.8250
8,66,60.4859
8,67,179.0149
8,68,178.3538
8,69,141.1247
8,70,72.4292
8,71,138.8085
8,72,132.1808
8,73,165.2635
8,74,118.9197
8,75,167.5546
8,76,174.5370
8,77,28.0871
8,78,153.7832
8,79,137.3606
8,80,161.0855
8,81,88.4991
8,82,210.7056
8,83,115.9485
8,84,210.9555
8,85,122.6157
8,86,107.9839
8,87,200.8181
8,88,185.0745
8,89,163.3449
8,90,96.3631
8,91,17.8116
8,92,51.1614
8,93,201.5906
8,94,104.1391
8,95,206.8216
8,96,175.8511
8,97,170.4651
8,98,43.4314
8,99,93.1410
8,100,184.1965
8,101,143.1276
8,102,184.6088
8,103,118.9918
8,104,55.9614
8,105,157.8167
8,106,32.7204
8,107,143.3682
8,108,166.0724
8,109,32.9347
8,110,92.3849
8,111,85.6094
8,112,155.8332
8,113,131.3430
8,114,136.3215
8,115,118.3385
8,116,152.6778
8,117,194.8510
8,118,68.6247
8,119,103.6098
8,120,132.0392
8,121,106.0490
8,122,192.4489
8,123,147.5312
8,124,169.1295
8,125,46.4935
8,126,131.9404
8,127,77.9052
8,128,95.2843
8,129,39.2923
8,130,141.7517
8,131,76.7041
8,132,225.6847
8,133,153.7594
8,134,115.1177
8,135,54.2761
8,136,135.5678
8,137,111.4352
8,138,113.7553
8,139,104.3236
8,140,63.4355
8,141,68.9917
8,142,61.7869
8,143,183.3487
8,144,140.2719
8,145,100.8791
8,146,88.8127
8,147,75.1783
8,148,131.3448
8,149,171.4903
9,10,72.0739
9,11,186.8057
9,12,231.2116
9,13,163.4750
9,14,49.9577
9,15,219.9787
9,16,72.6006
9,17,242.4512
9,18,248.6815
9,19,213.0799
9,20,214.3740
9,21,219.0459
9,22,230.8270
9,23,227.9003
9,24,155.0268
9,25,140.9648
9,26,56.3767
9,27,140.9108
9,28,77.7509
9,29,151.5817
9,30,141.7396
9,31,21.4826
9,32,85.3671
9,33,71.2530
9,34,203.6637
9,35,59.9416
9,36,149.6187
9,37,198.6515
9,38,132.6169
9,39,76.7189
9,40,173.6602
9,41,77.3709
9,42,220.8321
9,43,105.0275
9,44,138.8001
9,45,126.5273
9,46,140.6230
9,47,184.5247
9,48,202.8864
9,49,199.7177
9,50,113.1604
9,51,182.5211
9,52,178.8546
9,53,56.7113
9,54,245.8086
9,55,187.0454
9,56,110.3403
9,57,108.0522
9,58,197.8448
9,59,124.5525
9,60,31.9076
9,61,221.0586
9,62,174.1118
9,63,229.8934
9,64,183.7523
9,65,161.3032
9,66,54.1194
9,67,144.2206
9,68,230.5271
9,69,134.4247
9,70,165.1237
9,71,102.2768
9,72,100.2755
9,73,186.9708
9,74,121.0256
9,75,198.7316
9,76,158.5067
9,77,90.2225
9,78,241.4307
9,79,196.7254
9,80,121.4625
9,81,133.4664
9,82,242.2062
9,83,49.3119
9,84,260.8791
9,85,167.9441
9,86,186.9769
9,87,253.3440
9,88,235.1740
9,89,181.4016
9,90,3.1509
9,91,88.3472
9,92,55.8181
9,93,235.3237
9,94,153.7050
9,95,258.1162
9,96,161.7179
9,97,243.7210
9,98,52.8185
9,99,162.4106
9,100,178.9447
9,101,224.1105
9,102,192.4566
9,103,171.8398
9,104,79.1341
9,105,181.4528
9,106,63.3609
9,107,207.2507
9,108,207.2814
9,109,94.0391
9,110,89.8201
9,111,111.0079
9,112,123.3272
9,113,169.0415
9,114,102.0946
9,115,141.7320
9,116,92.5485
9,117,213.2803
9,118,161.6056
9,119,192.0414
9,120,95.9827
9,121,93.0309
9,122,243.1080
9,123,196.7389
9,124,143.7784
9,125,139.5567
9,126,155.2121
9,127,88.8113
9,128,136.2570
9,129,65.6632
9,130,229.7921
9,131,166.7714
9,132,265.6138
9,133,94.5899
9,134,131.4431
9,135,51.1606
9,136,91.4207
9,137,82.1761
9,138,92.4184
9,139,150.4718
9,140,69.5488
9,141,58.7798
9,142,32.7212
9,143,223.5411
9,144,224.1470
9,145,80.6707
9,146,137.0010
9,147,164.9856
9,148,179.3151
9,149,227.9648
10,11,155.6831
10,12,180.6041
10,13,182.6068
10,14,72.5447
10,15,158.5533
10,16,90.8791
10,17,230.6795
10,18,213.2820
10,19,200.2257
10,20,210.1447
10,21,187.9815
10,22,201.1623
10,23,184.3187
10,24,107.2772
10,25,95.4383
10,26,19.5107
10,27,147.3506
10,28,51.0199
10,29,185.5767
10,30,80.4309
10,31,64.7014
10,32,70.5750
10,33,3.4058
10,34,172.4233
10,35,14.2765
10,36,181.2986
10,37,149.3606
10,38,69.0196
10,39,118.8814
10,40,179.5907
10,41,117.6976
10,42,178.0027
10,43,158.6459
10,44,123.2955
10,45,57.2826
10,46,131.9991
10,47,153.8845
10,48,148.1015
10,49,141.4162
10,50,164.6893
10,51,186.5435
10,52,139.7102
10,53,49.6995
10,54,194.1359
10,55,127.3162
10,56,86.0940
10,57,112.2685
10,58,146.9431
10,59,169.9946
10,60,45.7990
10,61,178.6173
10,62,170.5494
10,63,191.4295
10,64,136.5525
10,65,107.2181
10,66,54.2778
10,67,178.3910
10,68,200.5817
10,69,147.0075
10,70,98.5761
10,71,135.9993
10,72,130.3056
10,73,179.8604
10,74,126.0692
10,75,184.6469
10,76,179.1136
10,77,43.6927
10,78,180.7404
10,79,160.5411
10,80,158.4382
10,81,106.3345
10,82,228.6488
10,83,103.0280
10,84,233.0646
10,85,142.0931
10,86,134.4178
10,87,223.3707
10,88,206.9386
10,89,176.9244
10,90,74.8795
10,91,16.2862
10,92,24.1439
10,93,219.9358
10,94,124.0633
10,95,229.1773
10,96,181.0020
10,97,196.4983
10,98,19.2599
10,99,117.6057
10,100,192.0580
10,101,169.9382
10,102,196.0340
10,103,140.2592
10,104,61.3937
10,105,172.7145
10,106,9.1502
10,107,167.5750
10,108,185.6062
10,109,49.5735
10,110,95.6388
10,111,97.1110
10,112,155.0215
10,113,149.1196
10,114,134.0317
10,115,131.6385
10,116,143.6936
10,117,209.2777
10,118,94.6169
10,119,130.5839
10,120,128.9584
10,121,107.6154
10,122,214.5208
10,123,168.6002
10,124,170.8843
10,125,72.6965
10,126,145.8443
10,127,83.5285
10,128,112.3614
10,129,12.4729
10,130,168.6956
10,131,103.5981
10,132,245.7694
10,133,145.1026
10,134,126.1922
10,135,27.4366
10,136,130.3793
10,137,108.6910
10,138,113.5654
10,139,123.3303
10,140,63.9339
10,141,42.3597
10,142,39.3923
10,143,202.9433
10,144,167.2587
10,145,99.6888
10,146,107.6130
10,147,102.1084
10,148,151.7436
10,149,194.5423
11,12,70.9470
11,13,120.4962
11,14,139.5843
11,15,102.5943
11,16,123.9679
11,17,87.1412
11,18,61.9644
11,19,61.6357
11,20,84.4054
11,21,32.7742
11,22,45.6159
11,23,51.7879
11,24,58.0011
11,25,63.7289
11,26,150.9854
11,27,87.6498
11,28,113.1288
11,29,153.5685
11,30,97.9320
11,31,165.5436
11,32,101.4919
11,33,159.0882
11,34,17.0867
11,35,152.7141
11,36,146.7933
11,37,52.4231
11,38,107.7457
11,39,152.2212
11,40,91.0133
11,41,149.2468
11,42,45.0650
11,43,184.3412
11,44,53.6171
11,45,128.3470
11,46,61.1663
11,47,2.4283
11,48,71.3183
11,49,83.1048
11,50,182.4635
11,51,89.3265
11,52,24.2329
11,53,131.4620
11,54,83.7616
11,55,86.2828
11,56,76.7619
11,57,93.1600
11,58,57.3306
11,59,171.5672
11,60,184.2238
11,61,44.4331
11,62,67.6813
11,63,45.6330
11,64,45.2825
11,65,70.7828
11,66,133.0382
11,67,150.9451
11,68,45.1007
11,69,99.9791
11,70,112.9072
11,71,139.2242
11,72,132.3860
11,73,62.4616
11,74,88.9819
11,75,49.6303
11,76,122.4135
11,77,112.1877
11,78,110.8184
11,79,15.7393
11,80,149.8686
11,81,53.4766
11,82,82.9848
11,83,168.4532
11,84,77.4108
11,85,21.0176
11,86,61.5766
11,87,68.1047
11,88,51.2558
11,89,67.3041
11,90,187.2935
11,91,151.8287
11,92,175.8333
11,93,73.1135
11,94,33.3022
11,95,73.6713
11,96,120.2476
11,97,71.4698
11,98,161.7896
11,99,46.8892
11,100,111.2599
11,101,77.6968
11,102,92.5106
11,103,15.5488
11,104,108.4984
11,105,56.5602
11,106,155.5458
11,107,29.3328
11,108,36.3529
11,109,106.3333
11,110,104.7163
11,111,77.1443
11,112,138.4947
11,113,30.0473
11,114,135.8783
11,115,58.4942
11,116,173.3115
11,117,84.2852
11,118,114.8725
11,119,93.7391
11,120,137.4466
11,121,111.3542
11,122,58.8783
11,123,14.1175
11,124,133.4258
11,125,116.3319
11,126,54.7205
11,127,99.4653
11,128,50.7281
11,129,167.3733
11,130,105.9667
11,131,98.8778
11,132,92.4261
11,133,172.5412
11,134,70.2333
11,135,176.6679
11,136,147.8699
11,137,128.9571
11,138,119.5960
11,139,36.3599
11,140,117.2583
11,141,195.7613
11,142,168.5677
11,143,52.0624
11,144,86.9816
11,145,120.9607
11,146,50.3992
11,147,97.8792
11,148,10.7627
11,149,41.1599
12,13,191.4420
12,14,190.5060
12,15,50.0266
12,16,180.8644
12,17,136.6549
12,18,62.6705
12,19,121.3542
12,20,147.0152
12,21,67.5121
12,22,74.6643
12,23,26.3960
12,24,76.2703
12,25,90.2548
12,26,183.4723
12,27,157.5497
12,28,153.4772
12,29,224.0959
12,30,102.2154
12,31,211.6084
12,32,149.7047
12,33,183.7734
12,34,66.7910
12,35,183.2014
12,36,217.3086
12,37,32.5610
12,38,114.4658
12,39,213.7893
12,40,161.5548
12,41,210.8426
12,42,29.3198
12,43,249.8715
12,44,118.3228
12,45,133.3519
12,46,129.0138
12,47,72.8405
12,48,34.6018
12,49,46.7985
12,50,249.0853
12,51,159.0876
12,52,59.7527
12,53,174.7590
12,54,14.8440
12,55,60.4437
12,56,125.8593
12,57,156.3421
12,58,33.8503
12,59,239.7885
12,60,219.7233
12,61,30.5730
12,62,138.1577
12,63,44.7916
12,64,47.6868
12,65,73.3874
12,66,178.1177
12,67,221.1352
12,68,73.6521
12,69,169.4672
12,70,98.3319
12,71,205.0963
12,72,197.7568
12,73,131.1371
12,74,155.4945
12,75,114.4484
12,76,193.3309
12,77,143.2627
12,78,46.1983
12,79,55.3387
12,80,218.2174
12,81,106.6020
12,82,130.9234
12,83,224.6393
12,84,94.8541
12,85,89.0525
12,86,46.1894
12,87,83.4038
12,88,80.8304
12,89,136.9625
12,90,232.4975
12,91,170.7151
12,92,204.2055
12,93,121.9500
12,94,90.2079
12,95,89.5208
12,96,191.1934
12,97,19.6956
12,98,193.0599
12,99,69.1661
12,100,181.6533
12,101,16.9502
12,102,161.0193
12,103,76.6094
12,104,153.5505
12,105,126.2001
12,106,183.9796
12,107,42.4205
12,108,94.3219
12,109,138.4561
12,110,163.1786
12,111,133.6499
12,112,207.1326
12,113,100.7126
12,114,201.6570
12,115,126.1952
12,116,237.4951
12,117,147.2498
12,118,102.2215
12,119,62.6033
12,120,202.2191
12,121,173.0857
12,122,82.9206
12,123,76.0832
12,124,203.7650
12,125,116.5869
12,126,125.0169
12,127,153.3325
12,128,108.2378
12,129,193.0722
12,130,47.1487
12,131,85.6940
12,132,123.7144
12,133,237.0488
12,134,136.8171
12,135,206.5402
12,136,212.0827
12,137,190.1423
12,138,182.4018
12,139,95.5920
12,140,165.0194
12,141,222.9508
12,142,205.8492
12,143,101.2498
12,144,28.0419
12,145,180.3472
12,146,101.9108
12,147,86.1921
12,148,81.4069
12,149,61.4750
13,14,119.1799
13,15,217.4854
13,16,95.5891
13,17,108.1996
13,18,163.3005
13,19,90.7010
13,20,74.1111
13,21,134.7984
13,22,138.3333
13,23,170.5705
13,24,149.5453
13,25,142.4951
13,26,166.3406
13,27,40.9553
13,28,133.3584
13,29,38.0826
13,30,177.1116
13,31,145.6595
13,32,113.8287
13,33,185.1543
13,34,127.4793
13,35,171.0548
13,36,32.3482
13,37,169.4779
13,38,179.7975
13,39,90.1449
13,40,32.7054
13,41,88.4801
13,42,164.5252
13,43,94.1830
13,44,84.2900
13,45,193.7514
13,46,70.2911
13,47,118.6406
13,48,186.5983
13,49,195.1085
13,50,87.5345
13,51,39.7097
13,52,136.4672
13,53,134.3217
13,54,203.9875
13,55,192.5041
13,56,110.3926
13,57,71.2070
13,58,173.3171
13,59,70.2911
13,60,181.5433
13,61,163.6662
13,62,54.6929
13,63,158.8387
13,64,157.4552
13,65,165.9874
13,66,130.9675
13,67,39.3052
13,68,138.8028
13,69,36.2155
13,70,203.0220
13,71,63.5762
13,72,63.6550
13,73,65.9458
13,74,58.6647
13,75,86.1118
13,76,5.6451
13,77,149.5603
13,78,229.4172
13,79,136.1331
13,80,53.7314
13,81,107.5592
13,82,111.3851
13,83,118.9277
13,84,154.3434
13,85,103.9836
13,86,172.4708
13,87,153.7967
13,88,137.7342
13,89,58.3084
13,90,161.8694
13,91,189.8512
13,92,189.6753
13,93,110.0800
13,94,110.8776
13,95,154.8398
13,96,1.7572
13,97,190.1509
13,98,175.1448
13,99,144.7520
13,100,19.9158
13,101,197.2261
13,102,45.5116
13,103,117.3851
13,104,122.3210
13,105,67.9911
13,106,176.4561
13,107,149.4125
13,108,107.0893
13,109,145.6212
13,110,86.9729
13,111,94.3220
13,112,45.1054
13,113,91.0295
13,114,62.7124
13,115,72.7956
13,116,92.0734
13,117,72.9542
13,118,202.7495
13,119,200.5827
13,120,68.6621
13,121,75.9414
13,122,143.6733
13,123,117.2624
13,124,25.0522
13,125,191.5652
13,126,67.9970
13,127,99.8711
13,128,100.9396
13,129,188.7920
13,130,222.8442
13,131,192.6814
13,132,141.2883
13,133,90.0795
13,134,68.1653
13,135,187.4603
13,136,76.2350
13,137,81.7244
13,138,72.6598
13,139,105.6902
13,140,118.7432
13,141,205.8980
13,142,167.4927
13,143,113.5083
13,144,205.4078
13,145,86.3255
13,146,111.2003
13,147,190.9206
13,148,110.1372
13,149,145.4573
14,15,187.3399
14,16,23.9844
14,17,192.5233
14,18,201.5155
14,19,163.1231
14,20,164.8511
14,21,171.1930
14,22,182.5130
14,23,183.8979
14,24,116.2029
14,25,102.1209
14,26,53.3527
14,27,92.1781
14,28,43.1483
14,29,115.2282
14,30,113.9846
14,31,28.8993
14,32,40.8022
14,33,74.0564
14,34,156.1098
14,35,58.6386
14,36,111.6825
14,37,158.2815
14,38,108.1909
14,39,46.4592
14,40,125.3771
14,41,45.1694
14,42,176.6873
14,43,87.4337
14,44,89.5731
14,45,110.0482
14,46,90.7200
14,47,137.2309
14,48,165.6910
14,49,165.2317
14,50,92.7820
14,51,133.9597
14,52,134.5455
14,53,25.6747
14,54,205.3326
14,55,154.3565
14,56,65.1945
14,57,58.2991
14,58,158.4183
14,59,97.4513
14,60,62.3922
14,61,176.7510
14,62,124.4072
14,63,183.9422
14,64,142.9020
14,65,125.9590
14,66,20.1697
14,67,107.8672
14,68,182.2748
14,69,87.0670
14,70,140.9456
14,71,64.6493
14,72,59.9195
14,73,137.0987
14,74,71.6329
14,75,148.8147
14,76,114.7444
14,77,62.5461
14,78,207.4384
14,79,150.7599
14,80,86.8005
14,81,87.2299
14,82,192.2496
14,83,37.6434
14,84,211.9592
14,85,119.8976
14,86,149.0473
14,87,204.8659
14,88,186.5363
14,89,131.6688
14,90,49.6208
14,91,85.1922
14,92,72.5868
14,93,185.3844
14,94,107.1575
14,95,209.4067
14,96,117.4510
14,97,200.9816
14,98,59.4984
14,99,121.4867
14,100,132.6975
14,101,185.7446
14,102,143.9221
14,103,125.1779
14,104,38.2384
14,105,131.5108
14,106,64.2773
14,107,162.2242
14,108,157.9028
14,109,63.5227
14,110,39.8858
14,111,62.5969
14,112,84.8298
14,113,119.8689
14,114,63.1393
14,115,91.8954
14,116,72.2147
14,117,163.7753
14,118,138.2778
14,119,160.6302
14,120,57.5884
14,121,44.6708
14,122,194.4601
14,123,148.5846
14,124,102.9498
14,125,118.0489
14,126,105.2731
14,127,40.1697
14,128,88.8901
14,129,74.7006
14,130,196.5167
14,131,138.5767
14,132,215.8001
14,133,73.4097
14,134,81.4887
14,135,69.6849
14,136,57.9525
14,137,38.5731
14,138,46.5265
14,139,103.3349
14,140,25.9924
14,141,87.1688
14,142,48.5092
14,143,173.9366
14,144,187.6456
14,145,33.0252
14,146,91.2831
14,147,136.6209
14,148,131.3834
14,149,180.5606
15,16,183.9130
15,17,181.2734
15,18,112.2515
15,19,161.5593
15,20,186.0496
15,21,111.3282
15,22,120.9564
15,23,74.1383
15,24,74.4643
15,25,87.2063
15,26,166.4388
15,27,179.1259
15,28,145.4497
15,29,245.5567
15,30,78.8902
15,31,202.8593
15,32,148.2705
15,33,161.2889
15,34,105.5706
15,35,164.7696
15,36,238.8721
15,37,50.1839
15,38,89.6176
15,39,219.7710
15,40,191.2128
15,41,217.0018
15,42,74.1496
15,43,259.6802
15,44,135.5984
15,45,103.7686
15,46,148.7718
15,47,103.6203
15,48,31.4048
15,49,23.3437
15,50,260.6490
15,51,190.8382
15,52,81.7819
15,53,166.6364
15,54,54.1995
15,55,33.1313
15,56,128.7462
15,57,167.8823
15,58,45.3332
15,59,254.5239
15,60,202.2660
15,61,75.5414
15,62,168.5258
15,63,92.3295
15,64,60.1101
15,65,61.6747
15,66,171.0960
15,67,241.3280
15,68,119.9353
15,69,189.4652
15,70,62.5847
15,71,217.0695
15,72,209.3531
15,73,164.9064
15,74,171.2032
15,75,151.6028
15,76,218.2198
15,77,129.8806
15,78,22.2484
15,79,89.7663
15,80,233.8646
15,81,116.4959
15,82,175.8790
15,83,224.2924
15,84,144.1910
15,85,114.3187
15,86,45.2264
15,87,132.5640
15,88,127.6171
15,89,169.2054
15,90,221.8515
15,91,145.5627
15,92,182.6804
15,93,166.3687
15,94,107.1561
15,95,138.8496
15,96,216.8789
15,97,68.9907
15,98,174.3669
15,99,74.7831
15,100,211.4852
15,101,33.3001
15,102,194.8152
15,103,100.8885
15,104,149.1268
15,105,158.6302
15,106,164.0428
15,107,80.9576
15,108,134.2169
15,109,126.5871
15,110,169.2180
15,111,141.2461
15,112,223.7458
15,113,128.2212
15,114,213.6491
15,115,146.0210
15,116,245.7799
15,117,186.0578
15,118,66.8634
15,119,28.1229
15,120,212.7757
15,121,181.6876
15,122,130.8691
15,123,112.5907
15,124,224.9601
15,125,86.8410
15,126,149.5534
15,127,156.1642
15,128,121.0279
15,129,170.5257
15,130,10.1637
15,131,54.9689
15,132,172.1194
15,133,245.7969
15,134,154.1519
15,135,185.8951
15,136,221.4300
15,137,196.9858
15,138,191.5860
15,139,112.5945
15,140,161.4473
15,141,199.4764
15,142,190.5892
15,143,144.6801
15,144,21.9969
15,145,185.9207
15,146,111.8389
15,147,56.4464
15,148,110.9579
15,149,107.7960
16,17,170.3743
16,18,185.2799
16,19,141.5029
16,20,141.7870
16,21,154.3044
16,22,164.8582
16,23,171.3162
16,24,110.1528
16,25,96.7766
16,26,72.8231
16,27,68.4777
16,28,49.4847
16,29,94.6982
16,30,116.2908
16,31,52.3106
16,32,36.8798
16,33,92.9255
16,34,139.8007
16,35,77.8995
16,36,90.5086
16,37,149.5273
16,38,112.8856
16,39,36.5874
16,40,101.5443
16,41,34.0960
16,42,164.0617
16,43,78.5656
16,44,71.4511
16,45,118.9305
16,46,70.1280
16,47,121.5541
16,48,159.3928
16,49,160.9921
16,50,81.8455
16,51,110.2233
16,52,122.5452
16,53,41.1808
16,54,195.6766
16,55,151.6985
16,56,55.8437
16,57,35.9155
16,58,150.4732
16,59,82.4112
16,60,86.2419
16,61,163.9591
16,62,101.6447
16,63,169.3008
16,64,134.1016
16,65,122.3449
16,66,36.7997
16,67,87.5176
16,68,164.7143
16,69,63.0826
16,70,144.1993
16,71,45.7146
16,72,39.5328
16,73,114.7614
16,74,48.4478
16,75,127.7011
16,76,91.3161
16,77,69.7658
16,78,202.7102
16,79,136.5503
16,80,68.1388
16,81,74.5763
16,82,170.4202
16,83,44.5718
16,84,193.1704
16,85,103.4139
16,86,142.5857
16,87,186.8218
16,88,168.3484
16,89,108.9558
16,90,71.8245
16,91,101.3387
16,92,94.6203
16,93,163.9845
16,94,93.2260
16,95,190.9778
16,96,93.8745
16,97,189.3916
16,98,80.5873
16,99,113.3086
16,100,108.7438
16,101,178.1153
16,102,120.1819
16,103,110.5967
16,104,40.0283
16,105,109.5818
16,106,83.5196
16,107,148.8922
16,108,138.5060
16,109,68.6793
16,110,19.4122
16,111,47.7511
16,112,64.1437
16,113,101.2958
16,114,43.4384
16,115,71.6915
16,116,63.6337
16,117,140.6896
16,118,142.1283
16,119,158.6751
16,120,38.8474
16,121,20.7262
16,122,176.2083
16,123,131.4900
16,124,80.6824
16,125,123.8506
16,126,84.2090
16,127,27.9604
16,128,74.4346
16,129,95.0880
16,130,192.4747
16,131,139.4643
16,132,194.9919
16,133,64.1399
16,134,60.4173
16,135,92.1408
16,136,42.8502
16,137,18.2275
16,138,23.2873
16,139,88.6849
16,140,29.9370
16,141,110.3317
16,142,71.9141
16,143,153.8994
16,144,181.4297
16,145,9.2885
16,146,79.1363
16,147,137.4757
16,148,114.8736
16,149,164.1950
17,18,81.3379
17,19,30.4929
17,20,34.1003
17,21,70.0094
17,22,62.1606
17,23,110.2738
17,24,144.5002
17,25,147.8488
17,26,221.2962
17,27,105.1539
17,28,181.7149
17,29,145.8144
17,30,184.0977
17,31,221.3555
17,32,164.5575
17,33,233.9766
17,34,77.3179
17,35,224.3240
17,36,140.4705
17,37,133.3917
17,38,193.0369
17,39,183.8833
17,40,78.9360
17,41,181.3368
17,42,108.1443
17,43,199.9600
17,44,108.1250
17,45,213.0773
17,46,102.6069
17,47,87.5994
17,48,152.1676
17,49,165.7194
17,50,194.3273
17,51,69.9395
17,52,111.2193
17,53,194.6062
17,54,143.1071
17,55,171.5548
17,56,144.7312
17,57,134.5230
17,58,138.9183
17,59,177.9014
17,60,249.2214
17,61,106.7790
17,62,69.2444
17,63,92.1110
17,64,130.7578
17,65,157.9079
17,66,194.0915
17,67,147.5040
17,68,63.1538
17,69,115.5490
17,70,200.0386
17,71,160.8946
17,72,157.1696
17,73,55.6335
17,74,122.2906
17,75,46.0384
17,76,113.2579
17,77,187.6239
17,78,182.7244
17,79,94.3515
17,80,159.1417
17,81,124.8895
17,82,6.0475
17,83,208.9730
17,84,56.9164
17,85,91.5110
17,86,146.3691
17,87,62.6687
17,88,56.5711
17,89,61.9453
17,90,241.9402
17,91,230.3525
17,92,247.1181
17,93,14.9057
17,94,109.9698
17,95,60.0250
17,96,109.2378
17,97,124.8422
17,98,232.0532
17,99,133.7559
17,100,88.9751
17,101,150.2260
17,102,62.7140
17,103,98.7680
17,104,173.5194
17,105,61.0303
17,106,228.3282
17,107,100.5598
17,108,50.7889
17,109,181.8731
17,110,152.6388
17,111,136.1493
17,112,148.5026
17,113,81.9302
17,114,158.5574
17,115,101.9956
17,116,194.7309
17,117,35.2682
17,118,202.0092
17,119,178.4477
17,120,163.0769
17,121,150.9559
17,122,57.0650
17,123,73.4655
17,124,132.0781
17,125,202.4277
17,126,87.8492
17,127,155.9882
17,128,118.4508
17,129,241.0459
17,130,181.7234
17,131,185.9607
17,132,34.2039
17,133,193.0786
17,134,111.2346
17,135,246.8086
17,136,173.2161
17,137,165.7981
17,138,154.6092
17,139,109.0819
17,140,177.8316
17,141,266.5918
17,142,233.2829
17,143,36.7878
17,144,161.5122
17,145,163.3319
17,146,124.4525
17,147,184.9958
17,148,85.0553
17,149,75.2188
18,19,76.6064
18,20,101.4942
18,21,31.4025
18,22,24.9828
18,23,38.7551
18,24,107.6082
18,25,118.0203
18,26,210.6843
18,27,139.7410
18,28,174.0100
18,29,200.2475
18,30,144.7395
18,31,227.4638
18,32,163.3218
18,33,216.6693
18,34,45.5098
18,35,211.9172
18,36,193.7612
18,37,74.7456
18,38,156.3644
18,39,211.5411
18,40,130.6787
18,41,208.5970
18,42,41.3004
18,43,240.2868
18,44,114.0090
18,45,177.0781
18,46,118.7007
18,47,64.2976
18,48,89.3896
18,49,103.6635
18,50,237.2382
18,51,125.0545
18,52,73.5724
18,53,193.0096
18,54,64.8944
18,55,114.3556
18,56,138.4400
18,57,152.8543
18,58,79.8181
18,59,224.2483
18,60,244.9281
18,61,40.0931
18,62,109.2517
18,63,23.2320
18,64,81.2624
18,65,113.9615
18,66,194.7878
18,67,199.2670
18,68,24.4979
18,69,152.4711
18,70,150.2621
18,71,195.7135
18,72,189.5113
18,73,97.3820
18,74,146.4377
18,75,77.2843
18,76,166.7570
18,77,170.7486
18,78,107.8214
18,79,53.0465
18,80,202.8512
18,81,115.2264
18,82,75.2949
18,83,229.5397
18,84,32.2475
18,85,81.9147
18,86,91.6564
18,87,21.1319
18,88,26.9168
18,89,104.9992
18,90,249.2106
18,91,207.2437
18,92,234.7623
18,93,68.1142
18,94,94.9842
18,95,26.9418
18,96,163.6097
18,97,46.3749
18,98,221.3217
18,99,96.4521
18,100,148.5251
18,101,78.9762
18,102,123.3554
18,103,76.8602
18,104,170.0660
18,105,95.7582
18,106,214.2172
18,107,46.3514
18,108,56.2878
18,109,165.0417
18,110,165.9055
18,111,138.9932
18,112,191.2779
18,113,85.4984
18,114,192.5401
18,115,116.3754
18,116,230.6305
18,117,102.1230
18,118,153.4815
18,119,119.0635
18,120,194.9628
18,121,171.3123
18,122,24.2976
18,123,54.0575
18,124,181.7328
18,125,162.1578
18,126,108.2189
18,127,161.3689
18,128,112.6911
18,129,225.4045
18,130,109.8127
18,131,136.1099
18,132,61.9981
18,133,229.6097
18,134,128.5032
18,135,236.0126
18,136,205.6095
18,137,188.8303
18,138,178.8376
18,139,98.3155
18,140,179.1377
18,141,254.5775
18,142,229.4869
18,143,52.5739
18,144,90.4662
18,145,181.6511
18,146,111.8452
18,147,135.9169
18,148,70.4244
18,149,21.0874
19,20,25.8694
19,21,54.4652
19,22,52.4050
19,23,95.8841
19,24,117.0028
19,25,119.1114
19,26,190.8177
19,27,78.8829
19,28,151.2316
19,29,128.7171
19,30,156.0161
19,31,191.8494
19,32,134.1828
19,33,203.5169
19,34,56.0647
19,35,193.8325
19,36,122.6887
19,37,111.9276
19,38,164.3971
19,39,157.6304
19,40,58.4747
19,41,154.9538
19,42,92.0346
19,43,177.6027
19,44,77.6633
19,45,184.1019
19,46,72.6721
19,47,61.5564
19,48,131.0490
19,49,143.7742
19,50,172.8270
19,51,51.0376
19,52,85.7804
19,53,164.3492
19,54,130.3866
19,55,147.8417
19,56,114.2459
19,57,105.5898
19,58,117.2499
19,59,157.5272
19,60,219.0111
19,61,90.7866
19,62,42.6763
19,63,79.5013
19,64,106.7706
19,65,131.3293
19,66,163.9652
19,67,129.0809
19,68,53.1549
19,69,90.3715
19,70,173.6763
19,71,136.1887
19,72,131.6853
19,73,28.3550
19,74,94.0749
19,75,15.5943
19,76,95.0030
19,77,157.2561
19,78,166.1345
19,79,71.9923
19,80,137.4267
19,81,94.6425
19,82,29.2356
19,83,181.4945
19,84,63.6461
19,85,62.3680
19,86,122.9407
19,87,63.8357
19,88,49.7463
19,89,35.9155
19,90,212.6842
19,91,200.1033
19,92,216.6378
19,93,22.6371
19,94,80.5552
19,95,64.3156
19,96,91.3557
19,97,113.2936
19,98,201.5829
19,99,106.7778
19,100,73.7475
19,101,132.7517
19,102,47.4751
19,103,71.1113
19,104,143.1042
19,105,32.0585
19,106,197.8367
19,107,81.0966
19,108,27.4141
19,109,151.5271
19,110,123.3109
19,111,105.7770
19,112,126.2306
19,113,51.8066
19,114,133.5628
19,115,71.8907
19,116,170.8673
19,117,26.2579
19,118,175.3356
19,119,155.1887
19,120,137.5761
19,121,122.6640
19,122,54.3791
19,123,49.3724
19,124,112.3477
19,125,174.2014
19,126,57.9526
19,127,125.9216
19,128,88.0899
19,129,210.5585
19,130,163.4108
19,131,159.9099
19,132,54.6401
19,133,169.3889
19,134,81.6391
19,135,216.3523
19,136,148.0242
19,137,138.2586
19,138,127.1243
19,139,79.2487
19,140,147.6522
19,141,236.1314
19,142,203.0525
19,143,24.1151
19,144,143.4440
19,145,134.8920
19,146,94.4052
19,147,158.7902
19,148,57.4176
19,149,63.1178
20,21,80.3281
20,22,77.8508
20,23,121.6953
20,24,136.4490
20,25,136.5397
20,26,198.7334
20,27,74.2766
20,28,159.6764
20,29,111.8206
20,30,174.1112
20,31,193.7319
20,32,141.1904
20,33,213.3127
20,34,81.0815
20,35,202.2685
20,36,106.4062
20,37,136.0604
20,38,181.4337
20,39,151.9863
20,40,45.3894
20,41,149.5604
20,42,117.7032
20,43,166.1678
20,44,87.2033
20,45,200.2779
20,46,78.3956
20,47,83.9022
20,48,155.1691
20,49,167.4261
20,50,160.3797
20,51,36.1730
20,52,107.9482
20,53,170.0163
20,54,156.2331
20,55,170.4528
20,56,124.4895
20,57,106.5856
20,58,141.2434
20,59,143.8412
20,60,223.9580
20,61,116.4745
20,62,40.6938
20,63,105.3657
20,64,129.6274
20,65,151.6796
20,66,168.8041
20,67,113.4125
20,68,78.6478
20,69,83.5349
20,70,193.8537
20,71,128.1171
20,72,124.8903
20,73,30.3822
20,74,93.3485
20,75,34.7808
20,76,79.1576
20,77,168.5530
20,78,191.4642
20,79,96.2845
20,80,125.2961
20,81,107.9392
20,82,37.4234
20,83,178.0807
20,84,84.4984
20,85,80.5985
20,86,145.9567
20,87,86.8421
20,88,74.5915
20,89,33.6811
20,90,213.6034
20,91,211.8807
20,92,224.4294
20,93,37.7116
20,94,97.4021
20,95,86.1945
20,96,75.1394
20,97,139.1611
20,98,209.2189
20,99,127.0412
20,100,55.0294
20,101,158.0057
20,102,28.6140
20,103,91.4320
20,104,150.4323
20,105,37.8086
20,106,206.7292
20,107,106.2277
20,108,52.7363
20,109,163.0770
20,110,125.2534
20,111,113.2848
20,112,114.8229
20,113,67.6930
20,114,125.9586
20,115,78.5527
20,116,161.4147
20,117,1.1979
20,118,195.1555
20,119,178.0345
20,120,130.7655
20,121,121.6212
20,122,78.3131
20,123,73.4592
20,124,98.0174
20,125,191.8899
20,126,64.3006
20,127,130.8995
20,128,100.7663
20,129,219.6105
20,130,188.3366
20,131,180.5200
20,132,67.4573
20,133,159.7004
20,134,85.5269
20,135,223.6198
20,136,140.6452
20,137,135.2837
20,138,124.1471
20,139,94.8960
20,140,152.9843
20,141,243.3636
20,142,208.2278
20,143,49.0491
20,144,168.5122
20,145,134.0747
20,146,108.7370
20,147,179.2526
20,148,78.3157
20,149,88.9200
21,22,13.4061
21,23,41.5661
21,24,86.2835
21,25,94.3729
21,26,183.7044
21,27,108.9116
21,28,145.8952
21,29,170.9614
21,30,125.6762
21,31,197.6965
21,32,133.8914
21,33,191.3870
21,34,15.6985
21,35,185.3613
21,36,164.3641
21,37,64.6180
21,38,136.4411
21,39,180.1474
21,40,102.5952
21,41,177.2051
21,42,38.4233
21,43,209.1274
21,44,82.8955
21,45,157.2843
21,46,87.2983
21,47,34.8748
21,48,82.8639
21,49,96.7913
21,50,206.2539
21,51,98.0146
21,52,50.4777
21,53,164.0571
21,54,75.9383
21,55,104.1945
21,56,109.3469
21,57,121.5200
21,58,70.1898
21,59,193.6284
21,60,216.9899
21,61,37.0931
21,62,80.1669
21,63,25.2515
21,64,65.1130
21,65,96.1400
21,66,165.4894
21,67,169.5536
21,68,12.7052
21,69,121.6468
21,70,136.3469
21,71,164.4420
21,72,158.1756
21,73,69.6439
21,74,115.0482
21,75,50.4074
21,76,137.8636
21,77,144.6526
21,78,113.1582
21,79,29.4908
21,80,172.1209
21,81,86.0649
21,82,64.5559
21,83,198.4209
21,84,45.3042
21,85,51.2956
21,86,79.2629
21,87,35.4256
21,88,19.9593
21,89,76.7891
21,90,219.4391
21,91,183.4692
21,92,208.4488
21,93,55.1228
21,94,66.0001
21,95,41.2116
21,96,134.9549
21,97,58.9156
21,98,194.4923
21,99,74.7690
21,100,121.4800
21,101,80.3183
21,102,97.8594
21,103,48.2991
21,104,141.1041
21,105,66.8074
21,106,188.0955
21,107,31.2805
21,108,28.8432
21,109,138.8219
21,110,134.9013
21,111,108.5967
21,112,160.5526
21,113,54.0993
21,114,161.2479
21,115,84.9781
21,116,199.3067
21,117,80.6788
21,118,138.9626
21,119,110.4773
21,120,163.6030
21,121,139.9899
21,122,26.8591
21,123,22.8212
21,124,151.9324
21,125,143.8640
21,126,76.9945
21,127,131.0282
21,128,82.7900
21,129,199.7941
21,130,111.7425
21,131,121.9632
21,132,64.9670
21,133,198.3086
21,134,97.1065
21,135,209.3515
21,136,174.2413
21,137,157.4846
21,138,147.4495
21,139,68.6793
21,140,149.5569
21,141,228.3687
21,142,201.3169
21,143,33.8253
21,144,91.5352
21,145,150.4534
21,146,83.1322
21,147,121.3475
21,148,39.8155
21,149,10.8900
22,23,48.2730
22,24,99.6535
22,25,107.7642
22,26,196.5792
22,27,115.7354
22,28,158.4932
22,29,175.3642
22,30,138.9596
22,31,209.4153
22,32,145.9325
22,33,204.5681
22,34,28.7395
22,35,198.3298
22,36,168.9042
22,37,76.0992
22,38,149.7891
22,39,189.2985
22,40,105.7001
22,41,186.3850
22,42,46.8736
22,43,216.6056
22,44,93.4519
22,45,170.6379
22,46,96.4946
22,47,47.5809
22,48,93.7247
22,49,107.8816
22,50,213.2728
22,51,100.0997
22,52,63.8618
22,53,176.2857
22,54,81.0387
22,55,116.0845
22,56,121.6352
22,57,131.2309
22,58,81.6401
22,59,199.9161
22,60,229.5595
22,61,45.4831
22,62,84.4153
22,63,29.9659
22,64,77.8218
22,65,109.2505
22,66,177.5400
22,67,174.4908
22,68,1.0227
22,69,128.4280
22,70,149.0498
22,71,172.3587
22,72,166.4005
22,73,72.4043
22,74,123.7853
22,75,52.3018
22,76,141.8262
22,77,157.7516
22,78,120.8387
22,79,42.7860
22,80,178.6343
22,81,98.4141
22,82,56.3429
22,83,208.6266
22,84,31.9588
22,85,62.8913
22,86,91.4201
22,87,22.6263
22,88,6.9653
22,89,80.0418
22,90,231.1301
22,91,196.8056
22,92,221.4481
22,93,47.6830
22,94,78.5498
22,95,28.0563
22,96,138.6543
22,97,62.9513
22,98,207.3924
22,99,88.1393
22,100,123.5849
22,101,88.8960
22,102,98.6027
22,103,61.1586
22,104,153.3708
22,105,70.9271
22,106,201.1466
22,107,42.9877
22,108,31.4301
22,109,151.9069
22,110,145.4520
22,111,120.0086
22,112,167.0698
22,113,63.7198
22,114,169.2562
22,115,94.3605
22,116,207.4117
22,117,78.3865
22,118,151.7618
22,119,122.0662
22,120,171.9661
22,121,149.7034
22,122,13.4613
22,123,34.1065
22,124,156.9980
22,125,157.1071
22,126,85.0072
22,127,142.4191
22,128,94.7283
22,129,212.9223
22,130,120.5175
22,131,134.6615
22,132,52.6226
22,133,206.3067
22,134,106.4322
22,135,222.2776
22,136,182.6474
22,137,167.0469
22,138,156.7298
22,139,80.8805
22,140,161.4739
22,141,241.3756
22,142,213.8207
22,143,28.9007
22,144,100.3641
22,145,160.5543
22,146,95.6932
22,147,134.1084
22,148,51.6065
22,149,13.2524
23,24,77.0488
23,25,89.5874
23,26,184.3945
23,27,139.3592
23,28,150.7078
23,29,204.8030
23,30,110.5725
23,31,207.3912
23,32,143.6259
23,33,187.6326
23,34,43.3771
23,35,184.8829
23,36,198.0524
23,37,37.8529
23,38,122.6305
23,39,201.9697
23,40,139.5739
23,41,198.9927
23,42,7.2546
23,43,235.6068
23,44,103.8718
23,45,142.8731
23,46,112.7002
23,47,54.0448
23,48,50.7907
23,49,64.9981
23,50,233.9985
23,51,136.2692
23,52,49.3606
23,53,171.2256
23,54,34.6591
23,55,76.2145
23,56,118.7531
23,57,143.2168
23,58,42.3760
23,59,223.3378
23,60,219.9768
23,61,7.4827
23,62,116.3048
23,63,18.4965
23,64,47.9580
23,65,79.8017
23,66,173.8949
23,67,202.4391
23,68,47.2597
23,69,151.7457
23,70,112.9633
23,71,190.4960
23,72,183.4866
23,73,107.9361
23,74,140.2718
23,75,90.1561
23,76,172.9328
23,77,143.7945
23,78,72.5678
23,79,36.4395
23,80,201.6410
23,81,97.0584
23,82,104.5315
23,83,215.7978
23,84,70.1875
23,85,72.1211
23,86,54.9795
23,87,58.4976
23,88,54.4979
23,89,114.3043
23,90,228.8513
23,91,176.4187
23,92,207.0175
23,93,95.5947
23,94,78.1535
23,95,64.8558
23,96,170.4794
23,97,19.7329
23,98,194.6064
23,99,67.1654
23,100,159.3226
23,101,41.1977
23,102,137.3690
23,103,61.6206
23,104,148.8776
23,105,103.6904
23,106,186.4502
23,107,22.9362
23,108,69.3192
23,109,138.4402
23,110,152.6511
23,111,123.5691
23,112,190.2791
23,113,81.6562
23,114,187.1142
23,115,109.9720
23,116,224.1367
23,117,121.9959
23,118,116.4044
23,119,80.5347
23,120,188.3671
23,121,160.9247
23,122,56.9605
23,123,53.4115
23,124,184.8555
23,125,127.0820
23,126,106.3874
23,127,144.8519
23,128,96.9411
23,129,196.7152
23,130,72.7073
23,131,99.1000
23,132,98.0799
23,133,223.4726
23,134,121.4382
23,135,208.8164
23,136,198.6319
23,137,178.4108
23,138,169.6878
23,139,82.9646
23,140,159.4381
23,141,226.4476
23,142,205.2249
23,143,75.0900
23,144,52.7706
23,145,169.5199
23,146,92.7591
23,147,99.1092
23,148,62.5413
23,149,35.0793
24,25,14.1814
24,26,107.9456
24,27,109.2566
24,28,77.3758
24,29,173.9710
24,30,39.9442
24,31,135.7046
24,32,75.7793
24,33,110.5980
24,34,72.0623
24,35,108.1283
24,36,167.4421
24,37,43.7688
24,38,50.1987
24,39,145.5835
24,40,127.8653
24,41,142.7777
24,42,70.7454
24,43,185.2224
24,44,65.2893
24,45,71.0176
24,46,79.2564
24,47,57.1718
24,48,49.5666
24,49,51.2083
24,50,186.2142
24,51,129.9329
24,52,35.8183
24,53,98.7799
24,54,90.7944
24,55,44.2604
24,56,54.5019
24,57,93.8122
24,58,42.8387
24,59,180.4890
24,60,143.9615
24,61,71.3894
24,62,107.6885
24,63,84.9961
24,64,29.5723
24,65,16.5121
24,66,102.3910
24,67,169.1804
24,68,98.8864
24,69,118.2401
24,70,57.5154
24,71,142.7546
24,72,135.0222
24,73,108.9665
24,74,98.3653
24,75,102.8406
24,76,149.3606
24,77,67.4124
24,78,92.5698
24,79,56.9229
24,80,160.1534
24,81,43.3042
24,82,140.6493
24,83,152.0178
24,84,131.2131
24,85,55.8649
24,86,32.8515
24,87,120.4406
24,88,106.2080
24,89,110.6915
24,90,156.3757
24,91,99.9159
24,92,130.0301
24,93,130.8457
24,94,40.7326
24,95,126.7043
24,96,148.6717
24,97,90.1543
24,98,117.9204
24,99,11.5146
24,100,147.2731
24,101,69.6741
24,102,136.2667
24,103,45.9188
24,104,78.3522
24,105,101.5272
24,106,109.4937
24,107,61.2838
24,108,93.9238
24,109,62.3797
24,110,94.8324
24,111,66.8384
24,112,150.4035
24,113,69.3305
24,114,139.3489
24,115,76.7612
24,116,171.3858
24,117,136.0465
24,118,58.7067
24,119,52.1385
24,120,138.3479
24,121,107.2260
24,122,113.0321
24,123,72.1105
24,124,153.5723
24,125,58.3403
24,126,84.1309
24,127,82.2248
24,128,49.0152
24,129,119.6671
24,130,82.5560
24,131,44.7871
24,132,149.8067
24,133,171.3715
24,134,82.7126
24,135,131.9356
24,136,146.9665
24,137,122.6151
24,138,117.1289
24,139,45.0170
24,140,90.2878
24,141,149.4060
24,142,129.7691
24,143,110.0532
24,144,71.5982
24,145,111.6598
24,146,38.9967
24,147,43.3120
24,148,59.6632
24,149,90.6432
25,26,94.8284
25,27,101.6798
25,28,63.2613
25,29,164.7050
25,30,37.6691
25,31,121.5509
25,32,61.8492
25,33,98.8071
25,34,79.3431
25,35,95.3102
25,36,158.3107
25,37,57.7015
25,38,45.2858
25,39,132.5684
25,40,123.2472
25,41,129.8063
25,42,82.9979
25,43,172.7603
25,44,58.6467
25,45,65.2574
25,46,72.6305
25,47,62.4269
25,48,63.5730
25,49,64.2155
25,50,174.1102
25,51,126.2806
25,52,44.6042
25,53,84.6338
25,54,104.8474
25,55,55.6199
25,56,41.6406
25,57,82.7992
25,58,56.9782
25,59,169.1680
25,60,130.5983
25,61,83.5230
25,62,104.6095
25,63,95.9949
25,64,43.0450
25,65,26.1482
25,66,88.2143
25,67,159.5641
25,68,107.0779
25,69,109.6538
25,70,60.8578
25,71,131.0621
25,72,123.3136
25,73,107.7370
25,74,88.7558
25,75,104.2347
25,76,141.8406
25,77,54.2192
25,78,106.0501
25,79,65.7782
25,80,149.2677
25,81,34.9360
25,82,144.4581
25,83,138.1424
25,84,139.6636
25,85,56.7640
25,86,46.9433
25,87,129.3382
25,88,114.0205
25,89,108.4493
25,90,142.2810
25,91,89.3947
25,92,117.6130
25,93,134.8472
25,94,39.1394
25,95,135.4137
25,96,141.4963
25,97,103.5890
25,98,105.0206
25,99,22.4227
25,100,141.9675
25,101,83.8491
25,102,133.3858
25,103,49.6079
25,104,64.1962
25,105,100.1259
25,106,97.0166
25,107,72.1390
25,108,98.1436
25,109,48.9479
25,110,82.1770
25,111,55.2597
25,112,139.9247
25,113,68.8551
25,114,127.6967
25,115,70.3961
25,116,158.6873
25,117,136.0222
25,118,61.0640
25,119,63.0970
25,120,126.3426
25,121,95.0673
25,122,121.2253
25,123,77.6675
25,124,144.5550
25,125,55.3668
25,126,79.7377
25,127,68.9655
25,128,41.7418
25,129,107.6930
25,130,95.6989
25,131,50.2348
25,132,156.1411
25,133,158.7614
25,134,74.5828
25,135,119.2874
25,136,134.6126
25,137,109.8907
25,138,104.9995
25,139,42.0063
25,140,76.1767
25,141,137.2089
25,142,116.1655
25,143,114.9589
25,144,85.5554
25,145,98.7473
25,146,31.5107
25,147,48.4458
25,148,63.0267
25,149,99.9055
26,27,132.7743
26,28,39.5978
26,29,167.3693
26,30,87.5572
26,31,46.0775
26,32,57.5668
26,33,20.7246
26,34,168.0116
26,35,5.3000
26,36,163.3156
26,37,151.3716
26,38,77.4610
26,39,99.5346
26,40,165.6330
26,41,98.4211
26,42,177.7312
26,43,139.1371
26,44,113.1813
26,45,70.1516
26,46,120.3509
26,47,148.9986
26,48,152.5605
26,49,147.5422
26,50,145.2128
26,51,173.0603
26,52,137.5467
26,53,32.0811
26,54,197.5552
26,55,134.0744
26,56,77.0518
26,57,97.2158
26,58,149.6243
26,59,150.7643
26,60,36.3532
26,61,178.2055
26,62,158.4836
26,63,189.6934
26,64,137.5127
26,65,110.8320
26,66,36.0277
26,67,160.1141
26,68,196.0816
26,69,131.3110
26,70,109.3346
26,71,117.3696
26,72,111.9469
26,73,168.7626
26,74,111.2740
26,75,175.3674
26,76,162.5823
26,77,40.6099
26,78,188.3368
26,79,157.6379
26,80,139.7416
26,81,99.1354
26,82,219.7072
26,83,83.6405
26,84,228.1892
26,85,135.4588
26,86,137.6968
26,87,219.0882
26,88,201.9653
26,89,165.1644
26,90,58.8894
26,91,34.2397
26,92,25.8248
26,93,211.3962
26,94,118.2287
26,95,224.6182
26,96,164.6945
26,97,198.0952
26,98,10.8844
26,99,117.2384
26,100,176.9005
26,101,174.2938
26,102,182.7558
26,103,135.4367
26,104,48.3036
26,105,161.9066
26,106,10.9247
26,107,166.0142
26,108,178.4305
26,109,45.9926
26,110,79.6349
26,111,85.5853
26,112,136.7996
26,113,140.8609
26,114,115.5404
26,115,120.3445
26,116,124.1958
26,117,197.8050
26,118,105.6821
26,119,138.3198
26,120,110.3059
26,121,90.6454
26,122,209.7281
26,123,163.1405
26,124,153.3601
26,125,83.5481
26,126,134.7055
26,127,69.1079
26,128,104.3403
26,129,22.4599
26,130,176.4529
26,131,112.1392
26,132,238.6606
26,133,125.6160
26,134,113.5831
26,135,25.8316
26,136,111.2934
26,137,90.2833
26,138,95.8731
26,139,116.6609
26,140,47.9531
26,141,45.4397
26,142,24.4675
26,143,195.6627
26,144,172.8704
26,145,81.8604
26,146,101.2077
26,147,110.4538
26,148,145.8335
26,149,191.1088
27,28,96.7029
27,29,66.9249
27,30,136.1713
27,31,120.7839
27,32,76.9485
27,33,150.1648
27,34,98.2613
27,35,137.0623
27,36,60.1543
27,37,132.7075
27,38,139.0605
27,39,78.8913
27,40,33.3701
27,41,76.2801
27,42,132.7123
27,43,101.0055
27,44,44.0574
27,45,153.5771
27,46,30.3948
27,47,85.4762
27,48,148.8174
27,49,156.3185
27,50,97.5429
27,51,41.7823
27,52,99.7686
27,53,101.6537
27,54,171.0269
27,55,152.7634
27,56,70.0899
27,57,35.6590
27,58,136.0558
27,59,84.7885
27,60,153.3402
27,61,132.0584
27,62,36.2966
27,63,130.5199
27,64,119.6285
27,65,125.5975
27,66,99.3352
27,67,63.5998
27,68,115.9459
27,69,12.7366
27,70,162.0939
27,71,57.7063
27,72,52.8357
27,73,50.5649
27,74,21.5297
27,75,67.9527
27,76,40.1839
27,77,111.1041
27,78,192.4999
27,79,103.2974
27,80,63.2194
27,81,66.7681
27,82,106.2018
27,83,103.9709
27,84,138.4590
27,85,68.5016
27,86,133.9050
27,87,134.9525
27,88,117.0442
27,89,43.4106
27,90,139.9597
27,91,152.8709
27,92,157.5192
27,93,101.3557
27,94,71.9698
27,95,137.5866
27,96,39.8745
27,97,159.0777
27,98,142.4726
27,99,105.2304
27,100,45.0610
27,101,161.3573
27,102,51.7446
27,103,81.2933
27,104,85.9986
27,105,47.7041
27,106,142.1618
27,107,116.9546
27,108,84.9619
27,109,106.7243
27,110,54.1024
27,111,54.3321
27,112,51.6590
27,113,57.7075
27,114,54.9094
27,115,33.1150
27,116,92.7433
27,117,73.1327
27,118,161.7977
27,119,160.8154
27,120,58.7135
27,121,47.8831
27,122,124.1884
27,123,88.0808
27,124,46.3830
27,125,150.8003
27,126,32.9782
27,127,63.8843
27,128,60.3461
27,129,154.8977
27,130,185.1225
27,131,151.9057
27,132,133.5158
27,133,91.4301
27,134,27.2129
27,135,155.9479
27,136,69.2204
27,137,61.0175
27,138,49.8713
27,139,66.5472
27,140,84.9355
27,141,175.2458
27,142,138.1352
27,143,96.6695
27,144,168.6461
27,145,60.2555
27,146,70.5622
27,147,150.1251
27,148,76.8905
27,149,119.7901
28,29,140.8598
28,30,70.8429
28,31,58.4033
28,32,19.7594
28,33,54.0225
28,34,130.2155
28,35,42.7004
28,36,135.8421
28,37,120.9162
28,38,65.2929
28,39,84.6223
28,40,128.6425
28,41,82.5130
28,42,143.7367
28,43,126.9343
28,44,73.6218
28,45,69.5027
28,46,81.3196
28,47,111.0268
28,48,125.8750
28,49,123.9621
28,50,130.9116
28,51,135.5274
28,52,102.1709
28,53,21.4949
28,54,168.1025
28,55,112.3299
28,56,37.6241
28,57,62.2553
28,58,120.2145
28,59,131.8450
28,60,71.0951
28,61,144.0427
28,62,119.7538
28,63,153.9828
28,64,106.0037
28,65,84.8562
28,66,25.6546
28,67,134.0585
28,68,158.0520
28,69,97.3021
28,70,97.8646
28,71,94.4535
28,72,87.5923
28,73,129.5422
28,74,75.6806
28,75,135.7722
28,76,130.2830
28,77,20.3952
28,78,166.1267
28,79,121.1844
28,80,116.5343
28,81,60.2674
28,82,180.1095
28,83,80.7916
28,84,189.8052
28,85,96.5495
28,86,109.6583
28,87,181.0984
28,88,163.6153
28,89,126.2576
28,90,79.0238
28,91,56.5040
28,92,65.4088
28,93,171.8141
28,94,79.9463
28,95,186.4330
28,96,131.8216
28,97,166.0981
28,98,50.4093
28,99,84.6893
28,100,141.6346
28,101,146.7824
28,102,145.0151
28,103,97.6564
28,104,11.0813
28,105,122.5726
28,106,47.0528
28,107,130.7699
28,108,139.1458
28,109,20.4320
28,110,47.4551
28,111,46.3954
28,112,110.9311
28,113,101.3693
28,114,91.8209
28,115,81.1381
28,116,111.7229
28,117,158.7767
28,118,95.2850
28,119,118.2515
28,120,87.8494
28,121,61.0549
28,122,171.4551
28,123,124.6933
28,124,124.2040
28,125,75.5736
28,126,95.4584
28,127,33.4874
28,128,65.0442
28,129,59.9367
28,130,154.8868
28,131,95.5234
28,132,199.3102
28,133,112.5143
28,134,75.2054
28,135,65.2760
28,136,92.3226
28,137,67.4070
28,138,68.9100
28,139,77.8828
28,140,19.7639
28,141,84.9978
28,142,55.4935
28,143,156.3164
28,144,147.4915
28,145,56.4281
28,146,62.8008
28,147,93.5776
28,148,107.2373
28,149,153.8802
29,30,195.8892
29,31,137.2360
29,32,123.0283
29,33,187.6095
29,34,162.3983
29,35,172.5055
29,36,6.7886
29,37,199.6247
29,38,196.3838
29,39,74.8727
29,40,70.4089
29,41,74.4002
29,42,198.4124
29,43,63.2539
29,44,109.9622
29,45,207.3295
29,46,96.9443
29,47,151.5109
29,48,215.5467
29,49,222.5493
29,50,55.0895
29,51,77.7809
29,52,166.6929
29,53,135.8773
29,54,237.2982
29,55,218.0719
29,56,127.1605
29,57,83.9293
29,58,202.9204
29,59,36.8732
29,60,174.9750
29,61,197.6621
29,62,91.0120
29,63,194.3173
29,64,186.4021
29,65,189.9014
29,66,131.4229
29,67,7.4275
29,68,175.7806
29,69,56.0927
29,70,223.1972
29,71,50.7620
29,72,55.4567
29,73,103.2786
29,74,75.9544
29,75,123.4400
29,76,33.7765
29,77,159.6648
29,78,259.3708
29,79,169.3056
29,80,30.1384
29,81,130.6888
29,82,149.2072
29,83,103.0131
29,84,192.3373
29,85,135.1888
29,86,200.3480
29,87,191.5248
29,88,175.1253
29,89,95.4629
29,90,149.3977
29,91,195.5900
29,92,187.8062
29,93,148.1316
29,94,138.5470
29,95,192.7355
29,96,37.3627
29,97,224.5200
29,98,174.5367
29,99,171.1104
29,100,56.8429
29,101,228.2693
29,102,83.3401
29,103,148.1474
29,104,129.9901
29,105,104.5011
29,106,178.1446
29,107,182.8716
29,108,143.9627
29,109,156.8757
29,110,93.7768
29,111,111.1688
29,112,30.5715
29,113,123.5402
29,114,52.0889
29,115,99.7393
29,116,66.0950
29,117,110.6836
29,118,222.2770
29,119,226.0432
29,120,57.7499
29,121,79.8173
29,122,181.2791
29,123,152.1057
29,124,20.6109
29,125,208.1380
29,126,99.0790
29,127,108.9768
29,128,125.1487
29,129,189.4366
29,130,251.8144
29,131,214.5005
29,132,179.1819
29,133,63.8389
29,134,91.5485
29,135,184.8015
29,136,60.2406
29,137,77.1110
29,138,72.3647
29,139,133.0466
29,140,123.0215
29,141,201.4943
29,142,162.9282
29,143,151.2805
29,144,235.5478
29,145,85.9747
29,146,134.9885
29,147,212.6183
29,148,142.8939
29,149,181.7571
30,31,125.6997
30,32,79.4684
30,33,83.3582
30,34,111.8314
30,35,85.9085
30,36,189.8093
30,37,73.1802
30,38,12.2611
30,39,152.8284
30,40,159.9820
30,41,150.3843
30,42,105.2773
30,43,194.8178
30,44,94.8309
30,45,32.3880
30,46,108.5284
30,47,97.0531
30,48,68.4812
30,49,60.9923
30,50,197.6162
30,51,163.4613
30,52,75.4537
30,53,90.7900
30,54,114.9714
30,55,46.9270
30,56,68.7371
30,57,112.0614
30,58,69.6628
30,59,195.4224
30,60,123.4095
30,61,106.1852
30,62,142.0442
30,63,121.6127
30,64,63.5383
30,65,30.8817
30,66,95.7570
30,67,190.1340
30,68,138.1523
30,69,142.7138
30,70,28.0212
30,71,156.8642
30,72,149.2586
30,73,145.4061
30,74,120.6707
30,75,141.4081
30,76,175.9136
30,77,52.6859
30,78,100.8628
30,79,96.1885
30,80,177.0693
30,81,70.7571
30,82,180.3835
30,83,151.6262
30,84,170.1584
30,85,93.9253
30,86,56.6566
30,87,159.0987
30,88,145.6354
30,89,146.0469
30,90,143.7610
30,91,68.9406
30,92,104.5444
30,93,170.6199
30,94,76.7316
30,95,165.4786
30,96,175.9804
30,97,119.6185
30,98,95.5553
30,99,51.2725
30,100,178.1697
30,101,90.1742
30,102,170.8077
30,103,85.3303
30,104,77.2653
30,105,137.7946
30,106,85.3720
30,107,98.6780
30,108,133.7014
30,109,50.5946
30,110,106.2770
30,111,84.7553
30,112,168.9067
30,113,106.4204
30,114,153.7110
30,115,106.5300
30,116,179.9240
30,117,173.6119
30,118,26.4926
30,119,50.7677
30,120,151.1997
30,121,120.4407
30,122,152.2257
30,123,112.0459
30,124,176.4152
30,125,18.4001
30,126,116.8514
30,127,91.0815
30,128,78.0215
30,129,92.6930
30,130,88.9298
30,131,25.1351
30,132,189.6468
30,133,180.4123
30,134,109.0005
30,135,107.5090
30,136,157.9238
30,137,132.3692
30,138,130.0818
30,139,79.6675
30,140,89.2969
30,141,122.2558
30,142,111.7713
30,143,149.9658
30,144,86.8837
30,145,120.7977
30,146,68.1241
30,147,23.2916
30,148,99.0574
30,149,129.2245
31,32,64.2545
31,33,64.8934
31,34,182.3556
31,35,50.8032
31,36,134.5742
31,37,179.0679
31,38,117.5762
31,39,63.1711
31,40,153.8315
31,41,63.1274
31,42,200.2777
31,43,97.7384
31,44,117.3198
31,45,114.2279
31,46,119.3025
31,47,163.2486
31,48,184.2513
31,49,181.9154
31,50,104.9282
31,51,162.5337
31,52,158.1921
31,53,36.9317
31,54,226.2992
31,55,169.7587
31,56,89.2967
31,57,87.1971
31,58,178.5290
31,59,113.7632
31,60,37.8985
31,61,200.4638
31,62,153.3059
31,63,208.9184
31,64,163.9905
31,65,143.0308
31,66,33.5709
31,67,129.8100
31,68,209.1233
31,69,115.0332
31,70,150.5583
31,71,86.7678
31,72,83.6456
31,73,165.9754
31,74,100.4593
31,75,177.4102
31,76,140.9217
31,77,73.1800
31,78,223.9373
31,79,175.7167
31,80,107.4907
31,81,112.3071
31,82,221.0117
31,83,40.2987
31,84,239.4093
31,85,146.5455
31,86,168.0616
31,87,231.9160
31,88,213.7259
31,89,160.5681
31,90,21.7504
31,91,80.2363
31,92,55.4264
31,93,214.0305
31,94,132.5274
31,95,236.6637
31,96,143.9095
31,97,223.5665
31,98,46.7721
31,99,142.5526
31,100,160.2173
31,101,205.1838
31,102,172.4919
31,103,150.6646
31,104,58.5251
31,105,160.3298
31,106,55.5515
31,107,186.4646
31,108,185.8026
31,109,76.2757
31,110,68.7486
31,111,89.5419
31,112,107.7897
31,113,147.5590
31,114,86.0542
31,115,120.3628
31,116,83.6897
31,117,192.6529
31,118,147.3066
31,119,175.1999
31,120,80.0381
31,121,72.9926
31,122,221.6599
31,123,175.3385
31,124,127.4329
31,125,125.6393
31,126,133.9340
31,127,67.3288
31,128,114.9235
31,129,61.9294
31,130,212.4978
31,131,150.8339
31,132,244.2102
31,133,85.4608
31,134,110.2178
31,135,51.3801
31,136,77.2654
31,137,63.9380
31,138,73.4574
31,139,129.1900
31,140,48.3698
31,141,65.2152
31,142,28.6413
31,143,202.0835
31,144,205.7956
31,145,60.8626
31,146,115.9439
31,147,148.9759
31,148,157.9374
31,149,206.6940
32,33,73.4927
32,34,118.4160
32,35,61.2820
32,36,117.7301
32,37,117.4915
32,38,76.6099
32,39,73.4655
32,40,109.0161
32,41,70.9665
32,42,136.4551
32,43,115.3511
32,44,56.6996
32,45,84.7447
32,46,62.8459
32,47,99.2316
32,48,125.3449
32,49,125.6897
32,50,118.2509
32,51,116.0454
32,52,94.2884
32,53,30.6877
32,54,164.5305
32,55,115.6586
32,56,25.0557
32,57,42.6366
32,58,117.7031
32,59,117.1036
32,60,85.2238
32,61,136.5812
32,62,100.9209
32,63,144.6730
32,64,102.1034
32,65,86.6004
32,66,31.6095
32,67,116.4460
32,68,145.5863
32,69,77.6955
32,70,107.4256
32,71,78.8416
32,72,71.5371
32,73,111.3113
32,74,55.9368
32,75,118.9217
32,76,110.8862
32,77,36.6753
32,78,167.7572
32,79,111.4656
32,80,100.2606
32,81,48.0997
32,82,163.2963
32,83,76.2983
32,84,176.5459
32,85,83.1085
32,86,108.6162
32,87,168.5301
32,88,150.5710
32,89,107.6012
32,90,85.9660
32,91,76.1629
32,92,83.2400
32,93,155.3632
32,94,68.3399
32,95,173.5226
32,96,112.3137
32,97,160.3914
32,98,68.0327
32,99,80.7019
32,100,121.8762
32,101,145.1124
32,102,125.6118
32,103,86.4733
32,104,9.2988
32,105,104.5706
32,106,66.0204
32,107,122.3577
32,108,124.2074
32,109,33.9692
32,110,29.2851
32,111,28.4087
32,112,93.6799
32,113,85.9167
32,114,75.9216
32,115,62.9566
32,116,100.4938
32,117,140.2551
32,118,105.4573
32,119,122.4072
32,120,72.6871
32,121,43.5297
32,122,158.4899
32,123,111.8337
32,124,105.6480
32,125,87.8719
32,126,77.3216
32,127,14.2053
32,128,51.2069
32,129,78.9032
32,130,157.1410
32,131,102.6076
32,132,183.9127
32,133,100.9523
32,134,56.0660
32,135,82.5304
32,136,78.6836
32,137,53.1278
32,138,52.3425
32,139,65.2202
32,140,15.8998
32,141,102.3141
32,142,69.2381
32,143,141.0863
32,144,147.3663
32,145,41.5867
32,146,51.6898
32,147,100.6192
32,148,94.3268
32,149,142.6482
33,34,175.8291
33,35,15.4266
33,36,183.4091
33,37,152.5946
33,38,71.8425
33,39,120.2569
33,40,182.4996
33,41,119.1447
33,42,181.3314
33,43,159.6762
33,44,126.5223
33,45,59.5041
33,46,135.1208
33,47,157.2887
33,48,151.1742
33,49,144.3505
33,50,165.8549
33,51,189.5109
33,52,143.0983
33,53,51.7909
33,54,197.2629
33,55,130.2024
33,56,89.3521
33,57,114.9893
33,58,150.1396
33,59,171.4845
33,60,44.0164
33,61,181.9509
33,62,173.6531
33,63,194.8007
33,64,139.8448
33,65,110.3863
33,66,56.2037
33,67,180.3964
33,68,203.9875
33,69,149.6470
33,70,101.0079
33,71,137.8489
33,72,132.2671
33,73,183.0442
33,74,128.8393
33,75,187.9414
33,76,181.6056
33,77,47.0823
33,78,183.4940
33,79,163.9377
33,80,160.2613
33,81,109.6865
33,82,231.9660
33,83,103.7013
33,84,236.4702
33,85,145.4716
33,86,137.5843
33,87,226.7758
33,88,210.3438
33,89,180.0562
33,90,74.1207
33,91,17.6278
33,92,21.4290
33,93,223.2684
33,94,127.4539
33,95,232.5830
33,96,183.5408
33,97,199.7377
33,98,18.5920
33,99,120.9567
33,100,194.8038
33,101,173.0061
33,102,199.0270
33,103,143.6632
33,104,64.2756
33,105,175.9167
33,106,9.8396
33,107,170.9454
33,108,188.9783
33,109,52.9637
33,110,98.1832
33,111,100.2146
33,112,157.0422
33,113,152.4500
33,114,135.9410
33,115,134.7883
33,116,144.7941
33,117,212.4408
33,118,97.0100
33,119,133.3626
33,120,130.7956
33,121,109.9735
33,122,217.9265
33,123,172.0008
33,124,173.1323
33,125,75.1881
33,126,149.0129
33,127,86.3034
33,128,115.6872
33,129,9.3459
33,130,171.4385
33,131,106.3212
33,132,249.1485
33,133,146.2426
33,134,129.2239
33,135,25.0134
33,136,131.9775
33,137,110.6242
33,138,115.7410
33,139,126.7036
33,140,66.4219
33,141,39.1788
33,142,38.7370
33,143,206.3147
33,144,170.2221
33,145,101.8141
33,146,110.9877
33,147,104.8574
33,148,155.1372
33,149,197.9426
34,35,169.6868
34,36,155.6938
34,37,56.3916
34,38,122.2444
34,39,166.7763
34,40,96.2282
34,41,163.8153
34,42,37.9752
34,43,197.2446
34,44,68.6678
34,45,143.0260
34,46,74.3808
34,47,19.2330
34,48,75.4086
34,49,88.6209
34,50,194.8275
34,51,92.9248
34,52,36.3901
34,53,148.4847
34,54,77.6701
34,55,94.2784
34,56,93.7737
34,57,107.8384
34,58,61.8509
34,59,182.9766
34,60,201.3106
34,61,36.9285
34,62,73.0169
34,63,32.2593
34,64,53.7405
34,65,83.0928
34,66,149.9931
34,67,160.4248
34,68,28.1648
34,69,110.9073
34,70,124.3060
34,71,152.2772
34,72,145.7366
34,73,64.6607
34,74,102.3399
34,75,47.7058
34,76,130.0367
34,77,129.0319
34,78,110.4189
34,79,17.0888
34,80,161.3279
34,81,70.4843
34,82,72.4700
34,83,184.1234
34,84,60.6726
34,85,36.4068
34,86,69.0881
34,87,51.0904
34,88,34.7221
34,89,70.9310
34,90,204.1049
34,91,168.1561
34,92,192.7844
34,93,62.6036
34,94,50.3602
34,95,56.7670
34,96,127.4505
34,97,62.7498
34,98,178.8033
34,99,60.6002
34,100,115.9455
34,101,76.9384
34,102,94.3368
34,103,32.6010
34,104,125.5241
34,105,60.3152
34,106,172.4511
34,107,25.1496
34,108,28.6658
34,109,123.1927
34,110,120.4428
34,111,93.5410
34,112,149.8132
34,113,41.3775
34,114,149.0065
34,115,71.8952
34,116,186.8506
34,117,81.2043
34,118,126.6590
34,119,101.1298
34,120,151.0103
34,121,126.2317
34,122,42.1326
34,123,10.2933
34,124,142.7799
34,125,130.1520
34,126,65.5376
34,127,115.9446
34,128,67.4385
34,129,184.1938
34,130,107.3623
34,131,110.0016
34,132,77.8320
34,133,185.9562
34,134,83.9547
34,135,193.6675
34,136,161.5719
34,137,143.8064
34,138,134.0566
34,139,53.2026
34,140,134.1348
34,141,212.7074
34,142,185.6519
34,143,40.6721
34,144,87.4526
34,145,136.3281
34,146,67.4759
34,147,109.2236
34,148,24.9272
34,149,24.4650
35,36,168.4068
35,37,151.2905
35,38,75.4070
35,39,104.8345
35,40,169.7897
35,41,103.7181
35,42,178.3058
35,43,144.4005
35,44,116.2884
35,45,66.8793
35,46,123.8748
35,47,150.7746
35,48,151.8140
35,49,146.3311
35,50,150.4996
35,51,177.1031
35,52,138.5711
35,53,36.9726
35,54,197.1484
35,55,132.6658
35,56,79.7617
35,57,101.5868
35,58,149.3579
35,59,156.0590
35,60,37.5010
35,61,178.8186
35,62,162.1579
35,63,190.6761
35,64,137.6917
35,65,110.2236
35,66,41.1030
35,67,165.2627
35,68,197.8097
35,69,135.8735
35,70,106.7734
35,71,122.5778
35,72,117.1031
35,73,172.1970
35,74,115.5967
35,75,178.3363
35,76,167.3565
35,77,41.2605
35,78,186.7712
35,79,158.8951
35,80,144.9642
35,81,101.4250
35,82,222.6199
35,83,88.7733
35,84,230.0415
35,85,137.6802
35,86,137.2458
35,87,220.7770
35,88,203.8243
35,89,168.7659
35,90,62.5727
35,91,29.4413
35,92,23.1794
35,93,214.1995
35,94,120.2012
35,95,226.3843
35,96,169.4178
35,97,198.1855
35,98,9.8626
35,99,117.7299
35,100,181.3562
35,101,173.6058
35,102,186.7528
35,103,137.1729
35,104,51.9847
35,105,165.2603
35,106,5.6594
35,107,166.9219
35,108,180.8507
35,109,46.8888
35,110,84.2222
35,111,89.0038
35,112,141.9340
35,113,143.5227
35,114,120.7228
35,115,123.7756
35,116,129.4726
35,117,201.3551
35,118,103.0275
35,119,136.6506
35,120,115.5170
35,121,95.4841
35,122,211.5454
35,123,165.0892
35,124,158.3534
35,125,80.8781
35,126,138.1161
35,127,73.2574
35,128,106.8670
35,129,17.8445
35,130,174.8306
35,131,110.1926
35,132,241.1070
35,133,130.8992
35,134,117.3477
35,135,24.0982
35,136,116.5722
35,137,95.4431
35,138,100.8827
35,139,118.8543
35,140,52.4543
35,141,43.0974
35,142,27.4398
35,143,198.1257
35,144,171.8361
35,145,86.8921
35,146,103.2887
35,147,108.5561
35,148,147.8784
35,149,192.5479
36,37,192.8593
36,38,190.5075
36,39,72.9799
36,40,64.2675
36,41,72.2506
36,42,191.6504
36,43,65.4177
36,44,103.2891
36,45,201.7777
36,46,90.2156
36,47,144.7323
36,48,208.8196
36,49,215.8863
36,50,57.7332
36,51,71.8888
36,52,159.9196
36,53,131.6232
36,54,230.5181
36,55,211.5059
36,56,121.1153
36,57,78.0064
36,58,196.1696
36,59,39.6943
36,60,172.1421
36,61,190.9039
36,62,84.5098
36,63,187.6430
36,64,179.6666
36,65,183.4187
36,66,127.3043
36,67,7.6035
36,68,169.3093
36,69,49.4267
36,70,217.0254
36,71,47.8084
36,72,51.7633
36,73,96.9466
36,74,69.6014
36,75,117.0838
36,76,27.6940
36,77,154.4013
36,78,252.6196
36,79,162.5296
36,80,28.9865
36,81,124.1811
36,82,143.7205
36,83,101.5697
36,84,186.2601
36,85,128.4005
36,86,193.6573
36,87,185.2715
36,88,168.7550
36,89,89.0991
36,90,147.5358
36,91,190.9589
36,92,184.2478
36,93,142.3878
36,94,131.8307
36,95,186.5756
36,96,31.4703
36,97,217.7720
36,98,170.7477
36,99,164.4733
36,100,51.6430
36,101,221.4903
36,102,77.8332
36,103,141.3631
36,104,124.9051
36,105,98.0032
36,106,174.0283
36,107,176.1000
36,108,137.4877
36,109,151.4733
36,110,88.5607
36,111,105.0568
36,112,26.9108
36,113,116.7620
36,114,48.7415
36,115,93.0062
36,116,66.7208
36,117,105.2558
36,118,216.1602
36,119,219.4876
36,120,54.6253
36,121,74.8049
36,122,174.9779
36,123,145.4006
36,124,13.9171
36,125,202.2792
36,126,92.2920
36,127,103.6109
36,128,118.5702
36,129,185.5025
36,130,245.0946
36,131,208.1878
36,132,173.6355
36,133,64.5105
36,134,84.9321
36,135,181.3583
36,136,58.2314
36,137,73.2733
36,138,67.7969
36,139,126.3369
36,140,118.3281
36,141,198.3733
36,142,159.7213
36,143,145.0644
36,144,228.7883
36,145,81.6099
36,146,128.4496
36,147,206.3134
36,148,136.1150
36,149,175.1728
37,38,85.3572
37,39,183.2966
37,40,141.9426
37,41,180.3801
37,42,33.5527
37,43,220.6364
37,44,90.8182
37,45,105.3191
37,46,102.8858
37,47,53.5045
37,48,19.1278
37,49,32.3327
37,50,220.4307
37,51,141.1051
37,52,33.0565
37,53,142.2058
37,54,47.2375
37,55,40.1833
37,56,94.0490
37,57,127.0748
37,58,5.5721
37,59,212.2778
37,60,187.5317
37,61,34.6948
37,62,118.9662
37,63,51.7492
37,64,15.4508
37,65,42.7996
37,66,145.5963
37,67,195.9952
37,68,75.1205
37,69,143.8981
37,70,75.5438
37,71,176.3637
37,72,168.8467
37,73,114.8102
37,74,127.8037
37,75,101.5006
37,76,170.6549
37,77,110.9927
37,78,59.9596
37,79,39.9353
37,80,190.9727
37,81,76.0881
37,82,128.3018
37,83,192.8958
37,84,103.9384
37,85,65.5229
37,86,17.1375
37,87,92.2440
37,88,83.0489
37,89,119.3051
37,90,199.9370
37,91,140.3412
37,92,172.6822
37,93,118.5470
37,94,61.9136
37,95,98.7867
37,96,169.0007
37,97,47.1487
37,98,161.1315
37,99,36.7967
37,100,162.2615
37,101,29.3035
37,102,144.7868
37,103,52.0941
37,104,121.1014
37,105,108.6599
37,106,152.3033
37,107,33.3414
37,108,84.7790
37,109,106.0814
37,110,132.3751
37,111,102.9361
37,112,180.2368
37,113,78.9946
37,114,172.9098
37,115,100.0617
37,116,207.7423
37,117,136.0368
37,118,78.8395
37,119,45.9681
37,120,172.9878
37,121,143.0458
37,122,87.8882
37,123,62.6722
37,124,179.0494
37,125,89.3205
37,126,101.5712
37,127,121.7652
37,128,78.7017
37,129,161.8293
37,130,53.8467
37,131,61.4796
37,132,128.6868
37,133,207.4315
37,134,109.6203
37,135,174.8465
37,136,182.5248
37,137,159.7385
37,138,152.6055
37,139,67.4733
37,140,132.6702
37,141,191.7070
37,142,173.4885
37,143,96.6044
37,144,35.9869
37,145,149.5596
37,146,71.3069
37,147,61.3942
37,148,61.0635
37,149,63.7927
38,39,149.1077
38,40,164.6223
38,41,146.8040
38,42,117.2284
38,43,191.3616
38,44,99.4658
38,45,20.8583
38,46,112.7431
38,47,106.7042
38,48,80.6461
38,49,72.7153
38,50,194.6844
38,51,168.6889
38,52,86.0071
38,53,83.9554
38,54,127.1605
38,55,58.4212
38,56,69.7796
38,57,112.5013
38,58,81.9012
38,59,193.6079
38,60,112.8319
38,61,118.1095
38,62,147.8178
38,63,133.3068
38,64,75.3271
38,65,42.8375
38,66,89.1621
38,67,190.3423
38,68,149.0075
38,69,144.6456
38,70,33.0735
38,71,155.1832
38,72,147.7200
38,73,152.1692
38,74,122.2353
38,75,149.4902
38,76,178.2300
38,77,45.7502
38,78,111.7625
38,79,107.0127
38,80,176.0549
38,81,75.6329
38,82,189.5379
38,83,145.7307
38,84,181.2098
38,85,102.0441
38,86,68.9018
38,87,170.2770
38,88,156.3813
38,89,152.2563
38,90,134.7794
38,91,56.9483
38,92,93.1634
38,93,179.8610
38,94,84.2088
38,95,176.6099
38,96,178.5784
38,97,131.8710
38,98,84.8795
38,99,61.6996
38,100,182.1611
38,101,102.2825
38,102,176.4552
38,103,94.4479
38,104,73.0518
38,105,144.5234
38,106,74.4533
38,107,110.1580
38,108,143.0244
38,109,44.8946
38,110,104.7451
38,111,86.0091
38,112,168.4943
38,113,113.8702
38,114,152.1505
38,115,110.9652
38,116,176.2828
38,117,180.8747
38,118,30.1297
38,119,61.5847
38,120,149.2015
38,121,119.0957
38,122,163.1318
38,123,121.8491
38,124,177.3951
38,125,11.8075
38,126,122.2206
38,127,89.2744
38,128,83.0394
38,129,81.1421
38,130,99.7397
38,131,34.8028
38,132,199.9159
38,133,176.9164
38,134,112.1612
38,135,96.2976
38,136,155.2533
38,137,129.7200
38,138,128.4574
38,139,86.5489
38,140,84.5752
38,141,110.5162
38,142,101.8714
38,143,159.5856
38,144,98.6832
38,145,118.1933
38,146,73.6480
38,147,33.2106
38,148,108.0532
38,149,140.4090
39,40,107.4266
39,41,2.9784
39,42,194.7644
39,43,42.3221
39,44,98.6148
39,45,153.9528
39,46,92.8940
39,47,149.7975
39,48,194.3332
39,49,196.6902
39,50,46.6496
39,51,116.7948
39,52,154.4410
39,53,71.4287
39,54,228.4790
39,55,187.8477
39,56,91.0881
39,57,59.0621
39,58,184.6861
39,59,51.4466
39,60,101.0672
39,61,194.5071
39,62,115.1738
39,63,197.8325
39,64,168.0085
39,65,158.3991
39,66,66.0727
39,67,67.5034
39,68,189.3116
39,69,68.4783
39,70,180.6951
39,71,26.6622
39,72,27.3983
39,73,129.3960
39,74,65.6324
39,75,145.8158
39,76,84.7691
39,77,105.0090
39,78,238.0829
39,79,166.1195
39,80,44.7821
39,81,107.2957
39,82,185.0748
39,83,29.0000
39,84,215.0923
39,85,131.2098
39,86,177.5723
39,87,210.2197
39,88,191.8140
39,89,122.3003
39,90,74.5783
39,91,131.6302
39,92,116.4713
39,93,180.1801
39,94,124.2005
39,95,213.6170
39,96,88.4145
39,97,220.7428
39,98,104.7140
39,99,147.8063
39,100,107.7761
39,101,212.2894
39,102,126.2078
39,103,140.3885
39,104,76.0569
39,105,125.9587
39,106,110.4315
39,107,179.1375
39,108,160.3700
39,109,104.5121
39,110,51.0211
39,111,80.3606
39,112,47.1629
39,113,126.0499
39,114,27.4893
39,115,95.1707
39,116,27.1755
39,117,150.8060
39,118,178.5542
39,119,194.9449
39,120,21.7711
39,121,41.0451
39,122,199.4156
39,123,157.5570
39,124,68.1947
39,125,159.8755
39,126,104.6911
39,127,63.6750
39,128,105.6891
39,129,120.1924
39,130,228.1195
39,131,176.0478
39,132,212.2611
39,133,27.8924
39,134,83.0423
39,135,112.9608
39,136,14.7557
39,137,23.6574
39,138,32.7227
39,139,119.1350
39,140,64.8821
39,141,128.2554
39,142,90.3653
39,143,173.9545
39,144,216.2813
39,145,33.9505
39,146,112.0467
39,147,174.0591
39,148,142.2450
39,149,190.6057
40,41,105.1289
40,42,133.8320
40,43,121.0364
40,44,65.2205
40,45,180.9311
40,46,51.9534
40,47,89.3922
40,48,159.9073
40,49,169.6464
40,50,115.5597
40,51,9.3835
40,52,109.4423
40,53,134.8152
40,54,173.5214
40,55,168.7649
40,56,98.5287
40,57,68.8794
40,58,146.2180
40,59,99.5729
40,60,186.7074
40,61,132.8926
40,62,23.3971
40,63,126.9982
40,64,131.2197
40,65,144.3303
40,66,132.6270
40,67,70.6063
40,68,106.1868
40,69,39.6787
40,70,183.9897
40,71,82.9275
40,72,80.1109
40,73,33.2969
40,74,54.7560
40,75,53.4326
40,76,36.6335
40,77,141.5478
40,78,201.4643
40,79,106.3124
40,80,80.2666
40,81,89.2561
40,82,81.3349
40,83,134.3909
40,84,121.9956
40,85,76.9182
40,86,146.9587
40,87,121.1545
40,88,105.0301
40,89,25.8196
40,90,172.5806
40,91,184.1633
40,92,190.6005
40,93,78.8583
40,94,87.4100
40,95,122.3294
40,96,33.1596
40,97,158.9651
40,98,175.4967
40,99,121.3218
40,100,20.3209
40,101,168.6157
40,102,18.9563
40,103,90.3259
40,104,118.2256
40,105,36.0038
40,106,174.7769
40,107,119.1910
40,108,74.5584
40,109,136.7472
40,110,87.4465
40,111,83.9919
40,112,69.5669
40,113,63.0166
40,114,80.8999
40,115,53.6571
40,116,116.0255
40,117,44.1915
40,118,184.3106
40,119,176.8135
40,120,85.9264
40,121,80.8393
40,122,110.9864
40,123,86.1735
40,124,54.0156
40,125,176.0775
40,126,43.7511
40,127,96.5399
40,128,81.9608
40,129,187.5866
40,130,195.7587
40,131,172.3602
40,132,110.7215
40,133,114.3153
40,134,54.5064
40,135,189.1310
40,136,95.5641
40,137,92.4709
40,138,81.6101
40,139,82.8546
40,140,117.9803
40,141,208.5023
40,142,171.5002
40,143,80.8857
40,144,177.4864
40,145,93.0493
40,146,91.9330
40,147,170.7475
40,148,81.1975
40,149,113.1460
41,42,191.7879
41,43,44.5582
41,44,95.6392
41,45,151.9237
41,46,89.9632
41,47,146.8229
41,48,191.4770
41,49,193.9031
41,50,48.4978
41,51,114.4866
41,52,151.4799
41,53,69.8390
41,54,225.5282
41,55,185.1299
41,56,88.2919
41,57,56.0884
41,58,181.7887
41,59,52.3591
41,60,101.0130
41,61,191.5299
41,62,112.5432
41,63,194.8593
41,64,165.1001
41,65,155.6687
41,66,64.5351
41,67,66.9988
41,68,186.3948
41,69,66.0284
41,70,178.2802
41,71,25.2697
41,72,25.2960
41,73,126.7453
41,74,62.7559
41,75,143.0572
41,76,83.1560
41,77,102.9077
41,78,235.2568
41,79,163.1411
41,80,44.4356
41,81,104.3650
41,82,182.4796
41,83,30.4551
41,84,212.2498
41,85,128.2359
41,86,174.7221
41,87,207.3358
41,88,188.9235
41,89,119.6899
41,90,75.3199
41,91,130.2250
41,92,115.8702
41,93,177.5185
41,94,121.2319
41,95,210.7539
41,96,86.7419
41,97,217.7699
41,98,103.8635
41,99,144.9313
41,100,105.8798
41,101,209.3865
41,102,123.9503
41,103,137.4106
41,104,73.7718
41,105,123.2386
41,106,109.3349
41,107,176.1597
41,108,157.5082
41,109,102.2950
41,110,48.1454
41,111,77.4460
41,112,46.0939
41,113,123.1093
41,114,25.7696
41,115,92.2307
41,116,29.5405
41,117,148.3825
41,118,176.1761
41,119,192.2522
41,120,19.8635
41,121,38.0681
41,122,196.5336
41,123,154.6064
41,124,66.9455
41,125,157.6318
41,126,101.8206
41,127,60.9594
41,128,102.7288
41,129,119.2991
41,130,225.3226
41,131,173.5062
41,132,209.5758
41,133,30.1125
41,134,80.1028
41,135,112.4406
41,136,14.1787
41,137,20.7023
41,138,29.7676
41,139,116.1623
41,140,62.7532
41,141,128.0395
41,142,89.9469
41,143,171.1522
41,144,213.4162
41,145,31.1213
41,146,109.1192
41,147,171.5175
41,148,139.2760
41,149,187.6562
42,43,228.5534
42,44,96.7491
42,45,137.6479
42,46,105.7581
42,47,47.2704
42,48,48.4894
42,49,62.8241
42,50,227.0165
42,51,130.8295
42,52,42.1707
42,53,164.1771
42,54,39.7348
42,55,73.0751
42,56,111.5589
42,57,136.0480
42,58,38.5322
42,59,216.5006
42,60,213.2071
42,61,1.3921
42,62,110.4912
42,63,18.7907
42,64,42.0850
42,65,74.4104
42,66,166.8001
42,67,195.9321
42,68,45.8510
42,69,145.0372
42,70,109.0912
42,71,183.4527
42,72,176.4134
42,73,102.6245
42,74,133.2504
42,75,85.3881
42,76,166.7678
42,77,137.1541
42,78,74.7374
42,79,29.5300
42,80,194.8091
42,81,89.8121
42,82,102.5384
42,83,208.5434
42,84,71.5181
42,85,65.1601
42,86,50.6072
42,87,59.7569
42,88,53.4765
42,89,108.7758
42,90,221.7619
42,91,170.4116
42,92,200.5510
42,93,93.3230
42,94,70.9043
42,95,66.2503
42,96,164.3925
42,97,26.4717
42,98,188.0012
42,99,60.5873
42,100,153.7193
42,101,42.1229
42,102,132.2973
42,103,54.4514
42,104,141.7761
42,105,98.0883
42,106,179.9671
42,107,15.9008
42,108,65.0341
42,109,131.7504
42,110,145.4026
42,111,116.3145
42,112,183.4765
42,113,75.0534
42,114,180.0645
42,115,103.0157
42,116,217.0148
42,117,117.9450
42,118,112.3899
42,119,77.9709
42,120,181.2655
42,121,153.7204
42,122,56.9002
42,123,47.7196
42,124,178.3771
42,125,122.1303
42,126,99.7667
42,127,137.6069
42,128,89.6901
42,129,190.3709
42,130,73.7126
42,131,95.0265
42,132,98.1956
42,133,216.3648
42,134,114.4121
42,135,202.2814
42,136,191.5076
42,137,171.1964
42,138,162.5111
42,139,75.7304
42,140,152.2797
42,141,220.0485
42,142,198.3823
42,143,72.2463
42,144,53.5261
42,145,162.2792
42,146,85.5230
42,147,94.9135
42,148,55.8272
42,149,33.6658
43,44,131.9503
43,45,196.1945
43,46,123.2063
43,47,181.9753
43,48,233.0277
43,49,236.4249
43,50,9.1491
43,51,130.0468
43,52,190.1192
43,53,112.9511
43,54,264.2968
43,55,228.3390
43,56,131.1258
43,57,93.6188
43,58,222.5381
43,59,26.6109
43,60,134.1886
43,61,228.1322
43,62,135.4497
43,63,229.2444
43,64,205.6538
43,65,198.8303
43,66,107.4948
43,67,57.8736
43,68,216.7809
43,69,88.4512
43,70,222.7534
43,71,45.1231
43,72,52.1871
43,73,149.5770
43,74,95.3754
43,75,168.3745
43,76,88.6155
43,77,147.3147
43,78,277.1857
43,79,199.2116
43,80,40.8959
43,81,144.7749
43,82,202.3186
43,83,57.5036
43,84,239.1307
43,85,163.5629
43,86,216.4289
43,87,235.9403
43,88,218.0457
43,89,141.7806
43,90,102.2085
43,91,172.2679
43,92,153.0828
43,93,199.2337
43,94,159.6665
43,95,238.4544
43,96,92.7739
43,97,254.9391
43,98,142.9501
43,99,186.3279
43,100,114.0568
43,101,249.8966
43,102,137.9655
43,103,174.3090
43,104,118.3286
43,105,148.0624
43,106,149.8553
43,107,212.6806
43,108,185.9664
43,109,146.8263
43,110,90.5929
43,111,118.6574
43,112,51.5269
43,113,155.8687
43,114,48.4933
43,115,125.8518
43,116,15.2762
43,117,164.9738
43,118,220.6933
43,119,235.6442
43,120,47.6785
43,121,78.0868
43,122,225.1862
43,123,187.3884
43,124,69.1463
43,125,202.1794
43,126,132.1360
43,127,104.6078
43,128,141.9802
43,129,158.4841
43,130,267.6659
43,131,217.6856
43,132,231.3923
43,133,14.4462
43,134,114.1857
43,135,149.1093
43,136,38.2924
43,137,63.0222
43,138,68.2718
43,139,154.2853
43,140,107.2018
43,141,161.9933
43,142,126.3222
43,143,197.2259
43,144,254.7417
43,145,74.4511
43,146,149.5717
43,147,215.6980
43,148,173.8211
43,149,219.9277
44,45,116.3231
44,46,14.0346
44,47,51.1913
44,48,105.8260
44,49,112.5996
44,50,130.8237
44,51,69.3192
44,52,58.7640
44,53,87.1813
44,54,132.5574
44,55,108.7116
44,56,37.3203
44,57,39.5648
44,58,93.6341
44,59,121.6601
44,60,141.8567
44,61,96.3891
44,62,49.3591
44,63,99.2456
44,64,76.8603
44,65,81.7046
44,66,87.2821
44,67,105.7919
44,68,93.2898
44,69,53.8695
44,70,119.4908
44,71,86.9459
44,72,79.7652
44,73,56.8217
44,74,37.1964
44,75,62.2893
44,76,84.0819
44,77,81.3502
44,78,149.9485
44,79,67.6771
44,80,100.2315
44,81,24.0745
44,82,106.6754
44,83,115.5406
44,84,122.3998
44,85,32.6251
44,86,90.4030
44,87,115.5627
44,88,97.1421
44,89,54.8384
44,90,138.8317
44,91,124.6819
44,92,139.0056
44,93,98.6648
44,94,28.9383
44,95,119.9323
44,96,83.3938
44,97,123.0536
44,98,123.9288
44,99,61.2723
44,100,83.4256
44,101,119.9895
44,102,77.4597
44,103,42.3713
44,104,65.4953
44,105,49.5118
44,106,120.4294
44,107,80.9416
44,108,68.4853
44,109,75.8951
44,110,52.0391
44,111,28.4430
44,112,89.4225
44,113,30.2968
44,114,83.5268
44,115,11.7559
44,116,120.2666
44,117,86.3980
44,118,119.5598
44,119,116.7605
44,120,84.5309
44,121,57.7462
44,122,105.0439
44,123,60.0743
44,124,89.3734
44,125,110.8730
44,126,23.5055
44,127,50.0205
44,128,16.9207
44,129,133.2287
44,130,141.9959
44,131,108.5956
44,132,127.4991
44,133,119.6198
44,134,18.8085
44,135,138.6891
44,136,94.7605
44,137,75.3498
44,138,66.0376
44,139,23.3732
44,140,70.8732
44,141,158.4692
44,142,125.8689
44,143,84.9323
44,144,126.3749
44,145,67.6631
44,146,27.1388
44,147,106.8758
44,148,43.8401
44,149,92.9268
45,46,129.0130
45,47,127.2411
45,48,99.0149
45,49,89.5952
45,50,200.3779
45,51,185.5971
45,52,106.8349
45,53,84.5545
45,54,145.4528
45,55,75.0057
45,56,83.4886
45,57,124.3012
45,58,101.5660
45,59,201.1267
45,60,102.9401
45,61,138.5637
45,62,165.3756
45,63,153.9754
45,64,95.9178
45,65,63.2687
45,66,90.0411
45,67,200.9243
45,68,169.8587
45,69,157.9365
45,70,41.9045
45,71,163.2855
45,72,156.1351
45,73,170.6200
45,74,135.3329
45,75,169.0133
45,76,191.7313
45,77,49.1647
45,78,125.9929
45,79,127.8655
45,80,184.9587
45,81,93.0989
45,82,209.7154
45,83,146.6198
45,84,202.0680
45,85,121.7570
45,86,88.5481
45,87,191.1281
45,88,177.2194
45,89,170.2057
45,90,129.0141
45,91,42.5705
45,92,80.7712
45,93,200.0990
45,94,103.6066
45,95,197.4650
45,96,192.4308
45,97,151.2972
45,98,75.3769
45,99,82.5269
45,100,197.6567
45,101,120.2298
45,102,193.7579
45,103,114.7673
45,104,79.1638
45,105,162.9755
45,106,64.4862
45,107,130.9330
45,108,163.3501
45,109,50.8149
45,110,113.9395
45,111,99.4379
45,112,178.3615
45,113,133.0539
45,114,160.4759
45,115,127.4825
45,116,180.9387
45,117,199.6694
45,118,37.7744
45,119,76.6151
45,120,156.8840
45,121,128.2562
45,122,183.9861
45,123,142.4285
45,124,189.1482
45,125,17.1483
45,126,139.5554
45,127,98.5032
45,128,100.4987
45,129,68.3194
45,130,113.9137
45,131,49.5326
45,132,220.6272
45,133,181.8163
45,134,127.3000
45,135,84.5162
45,136,161.7805
45,137,136.6623
45,138,137.0282
45,139,105.5005
45,140,89.2456
45,141,96.2213
45,142,94.3011
45,143,180.0446
45,144,115.4890
45,145,125.4291
45,146,91.7045
45,147,48.4576
45,148,128.2700
45,149,161.2578
46,47,58.8177
46,48,118.6041
46,49,125.9294
46,50,121.3208
46,51,56.7989
46,52,70.1988
46,53,92.2342
46,54,142.9129
46,55,122.4730
46,56,47.5178
46,57,35.0016
46,58,106.0314
46,59,110.9248
46,60,146.7106
46,61,105.2562
46,62,38.5928
46,63,106.1318
46,64,89.4606
46,65,95.6973
46,66,91.5211
46,67,93.1231
46,68,96.4794
46,69,41.0193
46,70,133.4493
46,71,78.1097
46,72,71.4084
46,73,48.4793
46,74,27.9706
46,75,58.1102
46,76,70.1940
46,77,91.4697
46,78,162.4729
46,79,76.2621
46,80,89.2834
46,81,37.8777
46,82,101.8985
46,83,112.6847
46,84,123.4671
46,85,40.5991
46,86,103.5459
46,87,117.7881
46,88,99.3058
46,89,44.9453
46,90,140.3405
46,91,134.6975
46,92,146.0758
46,93,94.7327
46,94,41.6355
46,95,121.5583
46,96,69.4175
46,97,132.2254
46,98,130.8743
46,99,74.8641
46,100,69.6415
46,101,131.8062
46,102,65.4831
46,103,52.4063
46,104,72.0604
46,105,41.9013
46,106,128.3657
46,107,89.8578
46,108,68.6133
46,109,86.3019
46,110,51.2187
46,111,34.9306
46,112,78.1269
46,113,33.2173
46,114,74.7884
46,115,2.8319
46,116,112.4887
46,117,77.4803
46,118,133.4608
46,119,130.5365
46,120,76.6346
46,121,53.3654
46,122,107.0375
46,123,64.8515
46,124,76.3344
46,125,124.2612
46,126,14.7577
46,127,53.3983
46,128,30.8894
46,129,141.2544
46,130,154.8822
46,131,122.6254
46,132,125.1330
46,133,111.6265
46,134,9.9691
46,135,145.3578
46,136,87.1915
46,137,70.5777
46,138,60.2529
46,139,36.1774
46,140,75.3352
46,141,165.1305
46,142,130.8113
46,143,83.7720
46,144,138.7153
46,145,64.7079
46,146,41.1407
46,147,120.9020
46,148,50.6148
46,149,97.8425
47,48,72.2815
47,49,83.8228
47,50,180.1273
47,51,87.9008
47,52,24.2372
47,53,129.2556
47,54,85.7901
47,55,86.6017
47,56,74.5466
47,57,90.7367
47,58,58.3032
47,59,169.2942
47,60,182.1200
47,61,46.6653
47,62,66.1076
47,63,48.0606
47,64,45.7293
47,65,70.3289
47,66,130.7927
47,67,148.8305
47,68,47.0928
47,69,97.7687
47,70,112.5549
47,71,136.8560
47,72,130.0042
47,73,61.3058
47,74,86.6094
47,75,49.1274
47,76,120.4906
47,77,110.3417
47,78,112.2461
47,79,17.8281
47,80,147.5968
47,81,51.2572
47,82,83.5668
47,83,166.0347
47,84,79.2868
47,85,18.5989
47,86,62.0696
47,87,70.1240
47,88,53.0931
47,89,65.9426
47,90,184.9989
47,91,150.2087
47,92,173.9080
47,93,73.7269
47,94,31.1310
47,95,75.6225
47,96,118.3694
47,97,73.7034
47,98,159.8143
47,99,46.2055
47,100,109.6670
47,101,79.2348
47,102,91.2972
47,103,13.6314
47,104,106.2940
47,105,55.2354
47,106,153.6540
47,107,31.4784
47,108,36.8462
47,109,104.4797
47,110,102.2973
47,111,74.7681
47,112,136.2362
47,113,27.9708
47,114,133.5068
47,115,56.1362
47,116,170.9173
47,117,83.7484
47,118,114.4397
47,119,94.1385
47,120,135.0546
47,121,108.9271
47,122,60.7739
47,123,15.2407
47,124,131.3303
47,125,115.4507
47,126,52.5807
47,127,97.1024
47,128,48.3963
47,129,165.5306
47,130,107.1888
47,131,98.6021
47,132,93.7283
47,133,170.1522
47,134,67.8496
47,135,174.7043
47,136,145.4711
47,137,126.5299
47,138,117.1756
47,139,34.0586
47,140,114.9811
47,141,193.8381
47,142,166.4421
47,143,52.9238
47,144,88.3551
47,145,118.5341
47,146,48.2576
47,147,97.5616
47,148,8.6179
47,149,43.4454
48,49,14.3356
48,50,233.3997
48,51,159.4438
48,52,50.4691
48,53,147.3699
48,54,46.5312
48,55,26.1667
48,56,103.5594
48,57,140.0519
48,58,13.9877
48,59,226.2528
48,60,188.9119
48,61,49.8114
48,62,137.1531
48,63,67.2780
48,64,29.2090
48,65,41.8071
48,66,151.2764
48,67,211.5805
48,68,92.7236
48,69,159.5338
48,70,63.9689
48,71,189.4737
48,72,181.8328
48,73,133.5363
48,74,142.1811
48,75,120.5756
48,76,187.5017
48,77,113.2414
48,78,44.3531
48,79,59.0582
48,80,205.2435
48,81,88.4417
48,82,146.9894
48,83,201.5769
48,84,120.0028
48,85,83.0728
48,86,16.8080
48,87,108.2419
48,88,100.6092
48,89,137.8007
48,90,204.4320
48,91,137.3712
48,92,172.0013
48,93,137.2913
48,94,77.0186
48,95,114.7393
48,96,186.0397
48,97,53.5413
48,98,161.6609
48,99,46.7007
48,100,180.1974
48,101,21.8406
48,102,163.4209
48,103,69.6171
48,104,127.6849
48,105,127.2299
48,106,152.1190
48,107,51.6968
48,108,103.8718
48,109,108.9599
48,110,143.3426
48,111,114.4305
48,112,194.8122
48,113,96.8947
48,114,186.0269
48,115,115.8150
48,116,219.6126
48,117,155.1378
48,118,67.7742
48,119,29.7545
48,120,185.6228
48,121,154.9820
48,122,104.8811
48,123,81.7988
48,124,194.9360
48,125,82.1333
48,126,118.6047
48,127,131.4324
48,128,92.1849
48,129,160.5152
48,130,36.3158
48,131,51.1035
48,132,146.0384
48,133,219.4605
48,134,124.5663
48,135,174.6109
48,136,194.7486
48,137,171.0562
48,138,164.7574
48,139,82.5453
48,140,139.7339
48,141,190.2961
48,142,175.7478
48,143,115.3903
48,144,22.0537
48,145,160.3897
48,146,83.6688
48,147,51.5905
48,148,79.5563
48,149,80.9830
49,50,237.3349
49,51,169.7664
49,52,60.7388
49,53,145.3388
49,54,56.7990
49,55,14.5978
49,56,105.6138
49,57,144.5389
49,58,26.8019
49,59,231.1845
49,60,183.7483
49,61,64.1470
49,62,147.3112
49,63,81.6133
49,64,38.6211
49,65,39.2759
49,66,149.5993
49,67,218.2249
49,68,106.8854
49,69,166.4613
49,70,51.9159
49,71,193.7313
49,72,186.0168
49,73,144.6485
49,74,147.9594
49,75,132.6904
49,76,195.6706
49,77,109.5137
49,78,42.2204
49,79,71.9202
49,80,210.5480
49,81,93.1755
49,82,160.6342
49,83,201.8984
49,84,134.3384
49,85,92.7925
49,86,22.7077
49,87,122.5775
49,88,114.7869
49,89,148.4614
49,90,201.4497
49,91,129.6375
49,92,165.5155
49,93,150.8787
49,94,84.4109
49,95,129.0743
49,96,194.4498
49,97,66.3164
49,98,156.0940
49,99,51.5547
49,100,189.8317
49,101,31.4188
49,102,174.2664
49,103,79.5186
49,104,126.9959
49,105,138.0627
49,106,146.1372
49,107,65.5307
49,108,116.8200
49,109,105.7789
49,110,146.0270
49,111,117.9307
49,112,200.4664
49,113,106.8941
49,114,190.3097
49,115,123.2046
49,116,222.5868
49,117,167.3392
49,118,55.9475
49,119,15.8833
49,120,189.4605
49,121,158.4011
49,122,119.1614
49,123,94.4039
49,124,201.9697
49,125,72.4692
49,126,127.3564
49,127,133.1616
49,128,97.7999
49,129,153.6845
49,130,31.4883
49,131,40.3163
49,132,160.2785
49,133,222.5791
49,134,131.0595
49,135,168.4124
49,136,198.1607
49,137,173.8063
49,138,168.2917
49,139,89.7802
49,140,139.2625
49,141,183.2019
49,142,171.3025
49,143,128.9333
49,144,25.9940
49,145,162.7991
49,146,88.5322
49,147,41.1973
49,148,90.5519
49,149,95.2191
50,51,124.3991
50,52,189.3766
50,53,118.0208
50,54,263.3773
50,55,229.7287
50,56,132.5927
50,57,93.4282
50,58,222.5470
50,59,18.2166
50,60,141.8116
50,61,226.5431
50,62,131.0760
50,63,226.9700
50,64,205.6241
50,65,200.2476
50,66,112.6289
50,67,50.1356
50,68,213.4879
50,69,84.8454
50,70,225.6185
50,71,44.0703
50,72,51.6080
50,73,145.0463
50,74,93.8201
50,75,164.1963
50,76,82.0483
50,77,151.3021
50,78,277.6784
50,79,197.5600
50,80,35.4066
50,81,144.9687
50,82,196.8888
50,83,64.9495
50,84,234.9450
50,85,161.8774
50,86,216.9219
50,87,232.1522
50,88,214.4442
50,89,137.1802
50,90,110.3976
50,91,177.9264
50,92,160.0760
50,93,194.1622
50,94,159.0084
50,95,234.4523
50,96,86.2024
50,97,253.4637
50,98,149.4900
50,99,186.7569
50,100,107.4502
50,101,249.7307
50,102,131.9806
50,103,173.0438
50,104,121.8574
50,105,143.9460
50,106,156.0171
50,107,211.1184
50,108,182.3632
50,109,150.4876
50,110,92.2437
50,111,119.4044
50,112,46.6713
50,113,153.5236
50,114,47.5234
50,115,124.0325
50,116,21.2612
50,117,159.1911
50,118,223.7055
50,119,237.1626
50,120,47.8745
50,121,79.0513
50,122,221.4476
50,123,184.8449
50,124,62.6549
50,125,205.6947
50,126,129.4064
50,127,106.8068
50,128,141.7414
50,129,165.0390
50,130,268.4131
50,131,220.0215
50,132,226.2091
50,133,19.6401
50,134,112.6501
50,135,156.1999
50,136,39.7702
50,137,65.2612
50,138,69.1232
50,139,153.5536
50,140,111.1494
50,141,169.5907
50,142,133.3855
50,143,193.0363
50,144,254.9537
50,145,76.8278
50,146,149.7518
50,147,218.0384
50,148,171.8425
50,149,217.1021
51,52,109.1514
51,53,142.5824
51,54,170.5618
51,55,169.6916
51,56,104.1056
51,57,76.8730
51,58,145.6040
51,59,108.1476
51,60,194.9682
51,61,129.8231
51,62,22.5251
51,63,122.8316
51,64,131.1724
51,65,146.2776
51,66,140.5840
51,67,78.5206
51,68,100.6508
51,69,48.8910
51,70,186.6984
51,71,92.2997
51,72,89.4888
51,73,28.4462
51,74,62.8338
51,75,47.9211
51,76,44.2163
51,77,147.6441
51,78,200.1361
51,79,104.2091
51,80,89.2062
51,81,93.0643
51,82,72.5565
51,83,143.6778
51,84,114.6809
51,85,77.0673
51,86,147.1754
51,87,114.4605
51,88,98.9349
51,89,22.1314
51,90,181.4919
51,91,190.5569
51,92,198.2198
51,93,70.5734
51,94,89.2195
51,95,115.2859
51,96,40.4407
51,97,155.4095
51,98,183.0678
51,99,122.7108
51,100,23.5184
51,101,166.9975
51,102,9.9624
51,103,90.2489
51,104,125.3100
51,105,32.9111
51,106,181.9972
51,107,116.6713
51,108,69.4632
51,109,142.6775
51,110,95.5770
51,111,90.1743
51,112,78.6567
51,113,62.8947
51,114,90.2822
51,115,58.1507
51,116,125.2813
51,117,34.9758
51,118,187.2248
51,119,177.6886
51,120,95.3075
51,121,89.5671
51,122,104.5295
51,123,83.1363
51,124,62.3957
51,125,179.9890
51,126,46.6098
51,127,103.9713
51,128,85.6717
51,129,194.8484
51,130,194.9382
51,131,174.6565
51,132,102.1683
51,133,123.5511
51,134,60.6354
51,135,196.8749
51,136,104.9445
51,137,101.6021
51,138,90.6772
51,139,85.0299
51,140,125.6514
51,141,216.3447
51,142,179.6428
51,143,74.1902
51,144,176.2555
51,145,101.8589
51,146,95.3567
51,147,173.1073
51,148,80.0483
51,149,108.3264
52,53,122.2863
52,54,74.2318
52,55,62.5119
52,56,69.3926
52,57,96.6168
52,58,36.8972
52,59,180.4137
52,60,172.4040
52,61,42.2966
52,62,86.7733
52,63,52.1488
52,64,22.1353
52,65,46.9988
52,66,124.7681
52,67,163.1884
52,68,63.1079
52,69,111.1354
52,70,88.8536
52,71,145.3633
52,72,138.0078
52,73,83.9703
52,74,95.9576
52,75,73.2222
52,76,137.6029
52,77,97.3309
52,78,93.0131
52,79,21.2761
52,80,158.9420
52,81,47.9965
52,82,106.9160
52,83,166.8662
52,84,95.5327
52,85,32.6310
52,86,38.4130
52,87,84.9435
52,88,70.3914
52,89,87.7319
52,90,179.7281
52,91,133.9950
52,92,161.3024
52,93,97.0149
52,94,30.4635
52,95,91.1208
52,96,135.9727
52,97,66.8591
52,98,148.0765
52,99,24.3084
52,100,129.7289
52,101,61.6303
52,102,113.5276
52,103,19.1649
52,104,99.7371
52,105,77.3262
52,106,140.7305
52,107,28.6155
52,108,60.4746
52,109,91.6879
52,110,104.2605
52,111,74.8611
52,112,148.0181
52,113,46.4395
52,114,141.9214
52,115,67.3673
52,116,177.8059
52,117,107.7546
52,118,90.9452
52,119,70.1596
52,120,142.4708
52,121,113.5652
52,122,77.2666
52,123,37.7816
52,124,146.1420
52,125,93.7632
52,126,68.5250
52,127,95.6925
52,128,48.7525
52,129,151.8374
52,130,86.4914
52,131,74.7416
52,132,114.2218
52,133,177.3332
52,134,77.4343
52,135,162.6661
52,136,152.3675
52,137,130.7851
52,138,122.7691
52,139,35.8418
52,140,110.1234
52,141,181.0760
52,142,157.2749
52,143,75.5895
52,144,69.0414
52,145,121.3309
52,146,43.5567
52,147,73.7919
52,148,29.9735
52,149,55.3463
53,54,189.4248
53,55,133.5052
53,56,54.7123
53,57,65.9950
53,58,141.6104
53,59,121.5605
53,60,54.6943
53,61,164.4233
53,62,129.4007
53,63,173.6488
53,64,127.1908
53,65,106.2989
53,66,5.5105
53,67,128.6969
53,68,175.9120
53,69,99.5255
53,70,116.9712
53,71,86.4959
53,72,80.6456
53,73,140.6009
53,74,80.1292
53,75,149.2186
53,76,130.5196
53,77,38.2753
53,78,187.4641
53,79,140.5885
53,80,108.9623
53,81,78.0007
53,82,193.5356
53,83,62.2146
53,84,207.0885
53,85,113.5888
53,86,131.1403
53,87,198.9053
53,88,181.0518
53,89,136.3354
53,90,57.8125
53,91,60.6923
53,92,55.9020
53,93,185.7661
53,94,98.1695
53,95,203.9884
53,96,132.6678
53,97,187.0230
53,98,40.9906
53,99,105.7931
53,100,145.2850
53,101,168.2569
53,102,152.4029
53,103,116.2110
53,104,22.9640
53,105,134.1353
53,106,42.5268
53,107,150.7710
53,108,154.8946
53,109,40.3631
53,110,47.9083
53,111,58.7491
53,112,105.3244
53,113,116.5949
53,114,84.4300
53,115,92.6514
53,116,97.6971
53,117,169.0319
53,118,114.0760
53,119,139.2408
53,120,79.4903
53,121,58.5652
53,122,188.9584
53,123,142.2255
53,124,121.4032
53,125,93.2886
53,126,106.9266
53,127,39.1216
53,128,81.6664
53,129,54.5363
53,130,176.1511
53,131,115.7795
53,132,214.5526
53,133,98.8123
53,134,84.4935
53,135,54.3160
53,136,81.6672
53,137,59.0787
53,138,63.9635
53,139,95.4219
53,140,17.0483
53,141,73.7747
53,142,38.7153
53,143,171.7573
53,144,168.9768
53,145,50.0233
53,146,81.1753
53,147,113.8664
53,148,124.6997
53,149,172.5394
54,55,71.1603
54,56,140.7031
54,57,170.8463
54,58,48.0830
54,59,253.8046
54,60,233.8578
54,61,40.7440
54,62,150.1589
54,63,51.3672
54,64,62.4727
54,65,87.0210
54,66,192.8337
54,67,234.5345
54,68,80.0670
54,69,183.0968
54,70,108.6966
54,71,219.4395
54,72,212.1457
54,73,142.3307
54,74,169.6712
54,75,124.7896
54,76,206.0830
54,77,157.5085
54,78,43.9291
54,79,68.0250
54,80,232.1887
54,81,121.3564
54,82,137.2144
54,83,239.4784
54,84,96.8893
54,85,102.6482
54,86,59.9041
54,87,86.0260
54,88,86.5756
54,89,148.5105
54,90,247.1258
54,91,183.7864
54,92,217.8789
54,93,128.7209
54,94,104.6907
54,95,91.6701
54,96,203.8086
54,97,18.5705
54,98,207.0109
54,99,83.9461
54,100,193.4440
54,101,25.4060
54,102,171.9146
54,103,90.5483
54,104,168.3160
54,105,137.8192
54,106,197.7707
54,107,54.5857
54,108,103.9693
54,109,152.7956
54,110,177.9332
54,111,148.4072
54,112,221.0294
54,113,113.7604
54,114,216.0065
54,115,140.1070
54,116,252.0372
54,117,156.5567
54,118,112.7451
54,119,72.0166
54,120,216.6730
54,121,187.7167
54,122,87.3775
54,123,87.4524
54,124,217.0793
54,125,128.4842
54,126,138.2887
54,127,168.1663
54,128,122.8596
54,129,206.5867
54,130,48.6303
54,131,96.8518
54,132,126.8879
54,133,251.5631
54,134,150.9293
54,135,220.3212
54,136,226.5979
54,137,204.8260
54,138,196.9825
54,139,110.0242
54,140,179.8208
54,141,236.4327
54,142,220.1409
54,143,108.9799
54,144,33.3292
54,145,195.0935
54,146,116.6798
54,147,97.5506
54,148,94.4058
54,149,68.3214
55,56,97.2188
55,57,137.9225
55,58,34.7845
55,59,224.5342
55,60,170.1456
55,61,74.3167
55,62,147.1686
55,63,91.6556
55,64,41.0802
55,65,29.5087
55,66,137.9722
55,67,213.3733
55,68,115.1191
55,69,162.1875
55,70,37.8900
55,71,186.5852
55,72,178.8392
55,73,145.9209
55,74,142.6018
55,75,135.7055
55,76,192.6501
55,77,96.8671
55,78,54.4103
55,79,77.2105
55,80,204.3393
55,81,87.5147
55,82,166.7481
55,83,191.4442
55,84,144.0795
55,85,92.7980
55,86,25.1904
55,87,132.3649
55,88,123.0474
55,89,149.0263
55,90,188.8755
55,91,115.2632
55,92,151.4457
55,93,156.8802
55,94,81.8021
55,95,138.9041
55,96,191.7264
55,97,79.6471
55,98,142.3736
55,99,47.7725
55,100,188.6930
55,101,45.7555
55,102,174.9283
55,103,80.0985
55,104,116.1838
55,105,138.9711
55,106,132.2748
55,107,73.1198
55,108,121.5650
55,109,93.4830
55,110,137.7461
55,111,110.6627
55,112,194.6529
55,113,107.0066
55,114,183.2035
55,115,119.8553
55,116,214.1749
55,117,170.2652
55,118,41.7904
55,119,8.0824
55,120,181.9457
55,121,150.6822
55,122,128.0457
55,123,98.7604
55,124,197.6128
55,125,57.8751
55,126,125.5710
55,127,124.1737
55,128,92.9384
55,129,139.5216
55,130,42.7652
55,131,25.7500
55,132,168.7066
55,133,214.2921
55,134,126.6232
55,135,154.4355
55,136,190.2226
55,137,165.4038
55,138,160.6137
55,139,86.8520
55,140,128.5194
55,141,168.9359
55,142,158.0423
55,143,134.9480
55,144,40.5120
55,145,154.1673
55,146,83.1106
55,147,26.6004
55,148,92.3647
55,149,103.9425
56,57,43.3449
56,58,94.7591
56,59,128.3148
56,60,108.1724
56,61,111.6548
56,62,85.8499
56,63,119.6224
56,64,78.5982
56,65,67.7118
56,66,56.3496
56,67,121.4042
56,68,121.2457
56,69,74.9156
56,70,96.2372
56,71,89.9317
56,72,82.1963
56,73,94.1158
56,74,52.4575
56,75,98.6986
56,76,108.5985
56,77,44.1362
56,78,147.0474
56,79,86.4206
56,80,109.0573
56,81,23.2895
56,82,142.9012
56,83,98.8510
56,84,152.6386
56,85,59.1677
56,86,86.7548
56,87,144.2609
56,88,126.5201
56,89,91.7747
56,90,110.9911
56,91,87.4717
56,92,102.7666
56,93,134.4382
56,94,43.4903
56,95,149.4239
56,96,109.1125
56,97,135.8064
56,98,87.9154
56,99,57.5563
56,100,114.4087
56,101,122.3782
56,102,112.9696
56,103,61.5840
56,104,31.7575
56,105,86.8318
56,106,83.6215
56,107,97.3340
56,108,101.5241
56,109,38.8301
56,110,40.5370
56,111,16.2296
56,112,100.4248
56,113,63.8097
56,114,86.6214
56,115,46.6278
56,116,117.0591
56,117,123.6693
56,118,95.1651
56,119,104.5832
56,120,84.9456
56,121,53.6404
56,122,134.4054
56,123,87.6273
56,124,107.8128
56,125,81.5870
56,126,60.3920
56,127,27.8912
56,128,27.4453
56,129,96.3154
56,130,137.0320
56,131,88.5744
56,132,161.6886
56,133,117.1220
56,134,44.1723
56,135,102.8284
56,136,93.0127
56,137,68.2596
56,138,63.5622
56,139,40.7557
56,140,40.9555
56,141,122.4914
56,142,92.3219
56,143,118.6934
56,144,125.5905
56,145,57.1856
56,146,26.6611
56,147,86.6258
56,148,70.1056
56,149,117.8718
57,58,129.1223
57,59,86.6869
57,60,118.1763
57,61,135.7394
57,62,66.1091
57,63,138.7711
57,64,112.2030
57,65,108.7688
57,66,63.7532
57,67,78.0742
57,68,131.1751
57,69,35.0602
57,70,139.5714
57,71,49.4272
57,72,41.8207
57,73,78.9526
57,74,14.1367
57,75,91.8880
57,76,68.3903
57,77,78.5288
57,78,184.3756
57,79,107.1742
57,80,66.4749
57,81,51.6202
57,82,134.5117
57,83,77.6832
57,84,158.4662
57,85,72.1477
57,86,123.6738
57,87,152.7198
57,88,134.2273
57,89,73.3771
57,90,107.4551
57,91,118.7542
57,92,121.8642
57,93,128.0863
57,94,66.1556
57,95,156.5498
57,96,69.7056
57,97,162.2119
57,98,106.8327
57,99,93.5035
57,100,79.8248
57,101,156.3608
57,102,86.7759
57,103,81.5980
57,104,51.2833
57,105,73.6713
57,106,106.7641
57,107,120.3208
57,108,103.6010
57,109,74.8636
57,110,18.7882
57,111,27.7280
57,112,57.2797
57,113,67.5694
57,114,45.9781
57,115,36.9292
57,116,81.2120
57,117,105.5183
57,118,138.5060
57,119,145.6341
57,120,45.9414
57,121,18.4821
57,122,141.9894
57,123,98.7995
57,124,64.9829
57,125,124.2756
57,126,48.5457
57,127,28.8359
57,128,48.3793
57,129,119.4312
57,130,175.3420
57,131,131.5528
57,132,159.2076
57,133,80.7168
57,134,25.0578
57,135,120.2942
57,136,55.7520
57,137,35.9819
57,138,26.4908
57,139,60.8560
57,140,49.3101
57,141,139.6258
57,142,102.7785
57,143,118.5112
57,144,161.5379
57,145,29.7649
57,146,56.3844
57,147,129.6274
57,148,83.2106
57,149,131.8394
58,59,214.7761
58,60,185.8848
58,61,39.7251
58,62,123.3666
58,63,56.9446
58,64,16.9316
58,65,39.8502
58,66,145.1662
58,67,199.1442
58,68,80.6592
58,69,147.0435
58,70,70.6482
58,71,178.5088
58,72,170.9394
58,73,119.5753
58,74,130.4062
58,75,106.6198
58,76,174.3622
58,77,109.4588
58,78,56.4503
58,79,45.2763
58,80,193.5781
58,81,77.7807
58,82,133.8443
58,83,193.4854
58,84,109.2951
58,85,69.5224
58,86,13.0217
58,87,97.5826
58,88,88.5862
58,89,123.9034
58,90,199.2096
58,91,137.4657
58,92,170.4514
58,93,124.0810
58,94,64.6989
58,95,104.1226
58,96,172.8000
58,97,50.0148
58,98,159.2153
58,99,37.2052
58,100,166.5249
58,101,27.6459
58,102,149.4852
58,103,56.0567
58,104,120.9088
58,105,113.3083
58,106,150.1785
58,107,38.9124
58,108,90.1632
58,109,104.7150
58,110,133.6849
58,111,104.3828
58,112,182.9590
58,113,83.2070
58,114,175.0552
58,115,103.2195
58,116,209.4469
58,117,141.2019
58,118,74.0420
58,119,40.4282
58,120,174.9512
58,121,144.7216
58,122,93.3669
58,123,67.9361
58,124,182.3223
58,125,85.3217
58,126,105.3350
58,127,122.5989
58,128,80.8517
58,129,159.4157
58,130,49.5967
58,131,56.7254
58,132,134.2145
58,133,209.1936
58,134,112.4382
58,135,172.7385
58,136,184.3426
58,137,161.2074
58,138,154.3713
58,139,70.2623
58,140,132.6555
58,141,189.3022
58,142,172.0758
58,143,102.1330
58,144,32.7408
58,145,150.8432
58,146,72.9835
58,147,56.7406
58,148,65.6435
58,149,69.2818
59,60,151.4417
59,61,215.9405
59,62,116.5332
59,63,215.2312
59,64,197.8628
59,65,195.2585
59,66,116.4038
59,67,32.0920
59,68,200.1909
59,69,72.0887
59,70,223.4093
59,71,38.5624
59,72,46.2167
59,73,130.1956
59,74,84.5037
59,75,149.7630
59,76,64.9288
59,77,152.0101
59,78,270.6042
59,79,186.9706
59,80,21.6993
59,81,138.0778
59,82,180.6978
59,83,75.3051
59,84,220.2976
59,85,151.4376
59,86,210.0742
59,87,218.0736
59,88,200.6821
59,89,122.2720
59,90,121.9918
59,91,182.2043
59,92,167.8350
59,93,178.4196
59,94,150.4079
59,95,220.0628
59,96,69.0515
59,97,242.9668
59,98,156.1542
59,99,179.9573
59,100,90.1660
59,101,241.5365
59,102,115.2934
59,103,163.2575
59,104,121.9677
59,105,129.7037
59,106,161.6822
59,107,200.6207
59,108,168.7046
59,109,150.5005
59,110,89.1464
59,111,113.9176
59,112,33.1639
59,113,142.0239
59,114,41.7663
59,115,113.7184
59,116,32.8461
59,117,142.6616
59,118,221.8121
59,119,232.1869
59,120,44.4181
59,121,75.0381
59,122,207.4658
59,123,172.8341
59,124,45.8244
59,125,204.9607
59,126,117.4701
59,127,104.4467
59,128,134.0762
59,129,171.6200
59,130,261.8431
59,131,216.7535
59,132,210.2694
59,133,30.6167
59,134,103.0022
59,135,164.2467
59,136,39.9217
59,137,64.4705
59,138,65.3406
59,139,144.8671
59,140,112.3445
59,141,178.9701
59,142,141.5492
59,143,178.4844
59,144,247.4311
59,145,75.7396
59,146,142.7847
59,147,214.7893
59,148,160.8369
59,149,204.5154
60,61,213.6269
60,62,183.2656
60,63,224.4888
60,64,173.4883
60,65,147.1841
60,66,55.2269
60,67,167.5476
60,68,229.1273
60,69,149.1660
60,70,143.7481
60,71,124.3553
60,72,120.8134
60,73,194.9003
60,74,132.1410
60,75,203.9080
60,76,177.0448
60,77,76.5560
60,78,224.2722
60,79,191.9726
60,80,145.3324
60,81,131.2106
60,82,248.2104
60,83,76.8681
60,84,260.7695
60,85,167.3391
60,86,174.0231
60,87,252.1728
60,88,234.6103
60,89,190.3260
60,90,35.0580
60,91,61.6410
60,92,25.0928
60,93,240.4603
60,94,151.0265
60,95,257.4660
60,96,179.8103
60,97,234.0973
60,98,27.9647
60,99,152.9332
60,100,194.9578
60,101,210.6469
60,102,204.9000
60,103,168.7461
60,104,76.8213
60,105,188.5864
60,106,38.6362
60,107,200.9948
60,108,209.2894
60,109,81.6553
60,110,99.4124
60,111,113.4362
60,112,145.2776
60,113,171.0819
60,114,123.4645
60,115,147.2291
60,116,120.7089
60,117,222.9426
60,118,139.8965
60,119,174.1487
60,120,117.5219
60,121,106.7131
60,122,242.4706
60,123,195.6877
60,124,164.4860
60,125,117.8041
60,126,161.4447
60,127,93.3392
60,128,135.5446
60,129,36.5479
60,130,212.3304
60,131,147.6328
60,132,269.1236
60,133,122.5859
60,134,138.6271
60,135,20.4316
60,136,115.1342
60,137,100.2995
60,138,108.8847
60,139,148.8148
60,140,71.3926
60,141,27.8063
60,142,15.9884
60,143,226.2565
60,144,209.1624
60,145,95.3914
60,146,133.8806
60,147,146.0140
60,148,178.1946
60,149,224.9252
61,62,109.5665
61,63,17.4682
61,64,42.8930
61,65,75.3091
61,66,167.0060
61,67,195.2240
61,68,44.4605
61,69,144.4115
61,70,110.2386
61,71,183.0233
61,72,176.0081
61,73,101.5887
61,74,132.8038
61,75,84.2549
61,76,165.9435
61,77,137.6435
61,78,76.0763
61,79,28.9958
61,80,194.2459
61,81,89.7943
61,82,101.1675
61,83,208.4608
61,84,70.1915
61,85,64.6680
61,86,51.7129
61,87,58.4306
61,88,52.0843
61,89,107.7853
61,90,221.9696
61,91,171.1273
61,92,201.1075
61,93,91.9623
61,94,70.7634
61,95,64.9294
61,96,163.5452
61,97,27.0385
61,98,188.5010
61,99,61.1293
61,100,152.7498
61,101,43.5012
61,102,131.2214
61,103,54.1455
61,104,141.9777
61,105,97.1121
61,106,180.5186
61,107,15.4552
61,108,63.8277
61,109,132.2175
61,110,145.2526
61,111,116.2205
61,112,182.8978
61,113,74.3748
61,114,179.6401
61,115,102.5229
61,116,216.6540
61,117,116.7229
61,118,113.5175
61,119,79.2611
61,120,180.8853
61,121,153.4620
61,122,55.5193
61,123,46.7459
61,124,177.6577
61,125,123.1039
61,126,99.0991
61,127,137.5892
61,128,89.5573
61,129,190.9743
61,130,75.0954
61,131,96.1504
61,132,96.8142
61,133,215.9904
61,134,113.9687
61,135,202.8102
61,136,191.1491
61,137,170.9553
61,138,162.2124
61,139,75.5363
61,140,152.4199
61,141,220.6296
61,142,198.7636
61,143,70.9120
61,144,54.9112
61,145,162.0992
61,146,85.5399
61,147,96.0201
61,148,55.1945
61,149,32.2739
62,63,104.1568
62,64,108.7411
62,65,123.9658
62,66,128.1237
62,67,90.0923
62,68,84.8082
62,69,47.7132
62,70,164.6994
62,71,93.5267
62,72,89.0297
62,73,14.3218
62,74,53.2701
62,75,33.2299
62,76,57.7059
62,77,129.9391
62,78,178.2936
62,79,82.9259
62,80,95.8081
62,81,72.3252
62,82,70.0113
62,83,139.7587
62,84,103.8840
62,85,54.5640
62,86,124.6963
62,87,101.5987
62,88,84.5193
62,89,7.3291
62,90,173.4402
62,91,173.2226
62,92,184.0909
62,93,65.0720
62,94,66.9566
62,95,103.5354
62,96,54.8021
62,97,135.7653
62,98,168.8736
62,99,100.2586
62,100,43.5807
62,101,145.3416
62,102,28.7764
62,103,67.7973
62,104,110.2017
62,105,13.4936
62,106,166.7526
62,107,95.7967
62,108,52.9881
62,109,124.6798
62,110,84.6790
62,111,73.4395
62,112,84.4086
62,113,40.4174
62,114,90.8872
62,115,39.2307
62,116,128.2866
62,117,39.6776
62,118,165.3490
62,119,155.1640
62,120,94.9261
62,121,81.8644
62,122,91.0647
62,123,62.8938
62,124,72.6570
62,125,158.9310
62,126,25.8799
62,127,90.2794
62,128,64.9090
62,129,179.6484
62,130,172.8124
62,131,152.4596
62,132,97.2655
62,133,126.8452
62,134,44.9773
62,135,183.1697
62,136,105.3532
62,137,96.5608
62,138,85.3732
62,139,62.9669
62,140,112.3583
62,141,202.8811
62,142,167.5451
62,143,61.9965
62,144,154.3461
62,145,94.2880
62,146,74.1884
62,147,150.9410
62,148,58.0196
62,149,90.8850
63,64,58.0919
63,65,90.7960
63,66,175.7938
63,67,192.5073
63,68,28.9650
63,69,143.1661
63,70,127.1653
63,71,184.2025
63,72,177.5379
63,73,94.3921
63,74,134.0921
63,75,75.5162
63,76,161.6390
63,77,149.4201
63,78,90.9899
63,79,33.2204
63,80,193.5772
63,81,96.7969
63,82,86.3075
63,83,213.8490
63,84,52.7275
63,85,66.6267
63,86,68.5363
63,87,40.9663
63,88,36.0388
63,89,101.2953
63,90,230.6004
63,91,184.8585
63,92,213.3298
63,93,77.5489
63,94,76.7877
63,95,47.4616
63,96,158.9009
63,97,33.8036
63,98,200.2083
63,99,74.0445
63,100,146.2143
63,101,59.6099
63,102,122.9972
63,103,58.8643
63,104,150.8440
63,105,91.0193
63,106,192.7400
63,107,23.8564
63,108,54.0420
63,109,143.8079
63,110,150.1489
63,111,122.0200
63,112,182.0673
63,113,73.4468
63,114,180.9015
63,115,103.5600
63,116,218.5868
63,117,105.7550
63,118,130.3386
63,119,96.7100
63,120,182.7156
63,121,156.9866
63,122,38.5601
63,123,42.4673
63,124,174.8572
63,125,138.9577
63,126,97.7767
63,127,144.0788
63,128,95.2685
63,129,203.6562
63,130,91.1715
63,131,112.9699
63,132,79.7901
63,133,217.7511
63,134,115.4996
63,135,214.7641
63,136,193.2118
63,137,174.5897
63,138,165.1810
63,139,80.8277
63,140,160.5707
63,141,233.0494
63,142,209.2723
63,143,57.6217
63,144,71.1690
63,145,166.5292
63,146,92.9923
63,147,112.7469
63,148,55.6818
63,149,16.9770
64,65,32.7042
64,66,130.4717
64,67,182.5120
64,68,76.9221
64,69,130.4330
64,70,71.2471
64,71,161.5819
64,72,154.0173
64,73,106.0993
64,74,113.5265
64,75,94.8483
64,76,158.3103
64,77,96.9584
64,78,73.0910
64,79,36.6816
64,80,176.6885
64,81,60.9348
64,82,126.0871
64,83,177.4453
64,84,107.8982
64,85,54.3032
64,86,16.3538
64,87,96.5195
64,88,84.7333
64,89,109.8408
64,90,184.9778
64,91,128.4608
64,92,159.5009
64,93,116.1893
64,94,47.9580
64,95,103.0032
64,96,156.8789
64,97,60.6091
64,98,147.4891
64,99,21.4794
64,100,151.4590
64,101,44.3123
64,102,135.6539
64,103,40.9482
64,104,105.8651
64,105,99.4580
64,106,138.9947
64,107,35.6536
64,108,80.5353
64,109,91.8567
64,110,117.0470
64,111,87.6586
64,112,166.1060
64,113,68.3354
64,114,158.1282
64,115,86.6629
64,116,192.6234
64,117,129.4776
64,118,73.9435
64,119,48.4583
64,120,158.0500
64,121,127.9019
64,122,90.6040
64,123,57.7047
64,124,165.7935
64,125,80.9092
64,126,89.4810
64,127,106.3219
64,128,63.9203
64,129,148.9817
64,130,65.5245
64,131,56.8597
64,132,130.0798
64,133,192.3496
64,134,95.6493
64,135,161.4659
64,136,167.4789
64,137,144.4840
64,138,137.5208
64,139,53.5099
64,140,117.3492
64,141,178.7847
64,142,159.1828
64,143,94.3382
64,144,49.5889
64,145,134.2246
64,146,56.1406
64,147,56.2866
64,148,52.0518
64,149,66.8532
65,66,110.4539
65,67,184.9670
65,68,108.4024
65,69,134.3564
65,70,42.3488
65,71,157.1993
65,72,149.4511
65,73,124.7798
65,74,114.0933
65,75,117.6330
65,76,165.7378
65,77,71.4551
65,78,81.4931
65,79,66.7512
65,80,175.2399
65,81,59.2583
65,82,153.7577
65,83,162.7037
65,84,140.0211
65,85,71.3545
65,86,27.1996
65,87,128.8004
65,88,116.0463
65,89,126.7825
65,90,162.9183
65,91,97.6337
65,92,130.8739
65,93,143.8751
65,94,57.0615
65,95,135.2355
65,96,165.0984
65,97,89.7767
65,98,120.0833
65,99,24.6530
65,100,163.7754
65,101,63.4682
65,102,152.4577
65,103,60.4030
65,104,87.7218
65,105,117.4195
65,106,110.7531
65,107,68.0978
65,108,107.1227
65,109,67.2803
65,110,108.2375
65,111,81.3417
65,112,165.7434
65,113,85.1252
65,114,153.8295
65,115,93.2242
65,116,184.6769
65,117,151.3272
65,118,44.1114
65,119,36.9526
65,120,152.4898
65,121,121.2106
65,122,122.3476
65,123,84.6629
65,124,169.5810
65,125,48.2657
65,126,100.6105
65,127,94.7262
65,128,65.2727
65,129,119.6853
65,130,70.6047
65,131,28.8604
65,132,160.7601
65,133,184.7870
65,134,98.8992
65,135,133.3010
65,136,160.7199
65,137,135.8998
65,138,131.1431
65,139,61.4761
65,140,99.9958
65,141,149.5634
65,142,133.9412
65,143,122.5683
65,144,62.8475
65,145,124.6791
65,146,55.1335
65,147,27.5749
65,148,73.9547
65,149,98.9761
66,67,124.1977
66,68,177.1953
66,69,96.5970
66,70,122.1366
66,71,81.7278
66,72,76.0636
66,73,139.6736
66,74,77.8711
66,75,148.9767
66,76,127.0296
66,77,43.4247
66,78,191.7742
66,79,142.6453
66,80,104.1763
66,81,79.5822
66,82,193.1900
66,83,56.8097
66,84,208.0909
66,85,114.7010
66,86,134.9309
66,87,200.1345
66,88,182.1514
66,89,135.1491
66,90,54.9637
66,91,65.8005
66,92,58.7618
66,93,185.6026
66,94,99.8178
66,95,205.1061
66,96,129.2948
66,97,189.9971
66,98,44.1975
66,99,109.0186
66,100,142.4741
66,101,171.9981
66,102,150.4572
66,103,117.9287
66,104,25.0310
66,105,133.3756
66,106,46.7303
66,107,153.1356
66,108,155.4045
66,109,45.2064
66,110,45.2827
66,111,58.8738
66,112,100.8522
66,113,117.0478
66,114,79.7579
66,115,92.1040
66,116,92.2476
66,117,167.7985
66,118,119.2911
66,119,143.8352
66,120,74.6937
66,121,55.0416
66,122,190.0739
66,123,143.4392
66,124,117.3610
66,125,98.6208
66,126,106.2677
66,127,38.1267
66,128,82.8123
66,129,58.3524
66,130,180.5413
66,131,120.6765
66,132,214.7799
66,133,93.3810
66,134,83.4066
66,135,56.8046
66,136,76.5500
66,137,54.4261
66,138,59.8692
66,139,96.8115
66,140,16.4089
66,141,75.9242
66,142,39.4245
66,143,172.1219
66,144,172.9831
66,145,45.8418
66,146,82.9844
66,147,118.7520
66,148,125.9352
66,149,174.1813
67,68,174.8675
67,69,52.1039
67,70,217.5801
67,71,43.3534
67,72,48.1710
67,73,102.8886
67,74,70.8745
67,75,122.9485
67,76,34.3504
67,77,153.0295
67,78,255.5729
67,79,166.6559
67,80,22.8405
67,81,125.8771
67,82,150.6477
67,83,95.7431
67,84,192.5449
67,85,132.0969
67,86,196.1720
67,87,191.2790
67,88,174.5463
67,89,94.9924
67,90,142.0529
67,91,188.5497
67,92,180.4361
67,93,149.0897
67,94,134.5700
67,95,192.7374
67,96,38.2921
67,97,222.1715
67,98,167.2120
67,99,166.7035
67,100,58.8666
67,101,224.8167
67,102,84.8053
67,103,144.8649
67,104,123.2414
67,105,103.5689
67,106,170.9062
67,107,180.2778
67,108,143.0609
67,109,150.3562
67,110,87.1642
67,111,105.5398
67,112,23.3812
67,113,120.9014
67,114,44.7322
67,115,95.9421
67,116,59.6309
67,117,112.2535
67,118,216.5688
67,119,221.3070
67,120,50.3538
67,121,73.0799
67,122,180.9033
67,123,150.1376
67,124,17.6502
67,125,202.0697
67,126,96.2586
67,127,102.4663
67,128,120.5690
67,129,182.1445
67,130,247.7841
67,131,209.1515
67,132,180.5015
67,133,57.3983
67,134,87.1764
67,135,177.4146
67,136,52.8479
67,137,69.8348
67,138,65.3771
67,139,129.0359
67,140,116.0409
67,141,194.0755
67,142,155.5172
67,143,151.1598
67,144,231.8379
67,145,78.8714
67,146,130.2656
67,147,207.2542
67,148,140.2174
67,149,180.3994
68,69,128.6467
68,70,148.1420
68,71,172.4883
68,72,166.5005
68,73,72.8900
68,74,123.8262
68,75,52.8151
68,76,142.2668
68,77,157.1952
68,78,119.8243
68,79,41.9962
68,80,178.8872
68,81,98.0101
68,82,57.3425
68,83,208.5282
68,84,32.6035
68,85,62.5833
68,86,90.4729
68,87,23.0464
68,88,7.9299
68,89,80.5014
68,90,230.8435
68,91,196.1604
68,92,220.9208
68,93,48.6586
68,94,78.1056
68,95,28.6023
68,96,139.1124
68,97,62.0004
68,98,206.8893
68,99,87.3732
68,100,124.1450
68,101,87.8737
68,102,99.2363
68,103,60.6485
68,104,152.9888
68,105,71.3164
68,106,200.6050
68,107,42.0324
68,108,31.8217
68,109,151.3543
68,110,145.3054
68,111,119.7490
68,112,167.3204
68,113,63.6370
68,114,169.3769
68,115,94.3255
68,116,207.5289
68,117,79.1747
68,118,150.8645
68,119,121.0863
68,120,172.0541
68,121,149.6515
68,122,14.1663
68,123,33.7889
68,124,157.3614
68,125,156.2870
68,126,85.0972
68,127,142.1665
68,128,94.3881
68,129,212.3586
68,130,119.4951
68,131,133.7541
68,132,53.5878
68,133,206.4337
68,134,106.4085
68,135,221.7686
68,136,182.7330
68,137,167.0141
68,138,156.7247
68,139,80.4956
68,140,161.1486
68,141,240.8467
68,142,213.4004
68,143,29.7415
68,144,99.3414
68,145,160.4619
68,146,95.2514
68,147,133.2077
68,148,51.2618
68,149,12.2313
69,70,169.3215
69,71,45.8172
69,72,41.6269
69,73,62.0288
69,74,22.6064
69,75,80.1154
69,76,33.7999
69,77,113.3462
69,78,203.4779
69,79,115.5627
69,80,50.4941
69,81,75.1124
69,82,116.9750
69,83,94.8276
69,84,150.7868
69,85,80.4560
69,86,144.2602
69,87,147.4942
69,88,129.6578
69,89,54.5340
69,90,133.2382
69,91,153.8055
69,92,155.3132
69,93,112.6404
69,94,82.5153
69,95,150.0234
69,96,34.7621
69,97,171.4459
69,98,140.5122
69,99,115.0526
69,100,45.9234
69,101,172.7644
69,102,58.6348
69,103,92.9775
69,104,86.3036
69,105,59.7985
69,106,141.1756
69,107,129.2307
69,108,97.5706
69,109,109.4392
69,110,51.6770
69,111,58.7112
69,112,38.9412
69,113,70.1544
69,114,43.2283
69,115,43.8392
69,116,80.6262
69,117,82.3584
69,118,168.7531
69,119,170.1909
69,120,47.5364
69,121,42.4589
69,122,136.7484
69,123,100.7496
69,124,35.5095
69,125,156.4479
69,126,45.4760
69,127,63.8392
69,128,69.2648
69,129,153.6907
69,130,195.7733
69,131,159.8017
69,132,144.8849
69,133,79.2319
69,134,35.5643
69,135,153.3913
69,136,57.7906
69,137,52.8261
69,138,42.0807
69,139,76.9967
69,140,83.4204
69,141,172.3003
69,142,134.4318
69,143,108.9244
69,144,179.7341
69,145,54.2034
69,146,79.2556
69,147,157.9675
69,148,89.2170
69,149,132.5244
70,71,184.8479
70,72,177.2287
70,73,166.4622
70,74,147.6023
70,75,159.9436
70,76,202.1258
70,77,78.7136
70,78,84.6550
70,79,107.4997
70,80,204.9302
70,81,95.6274
70,82,195.7695
70,83,178.5533
70,84,178.6623
70,85,113.3351
70,86,58.6301
70,87,167.1086
70,88,155.9715
70,89,168.0068
70,90,167.3745
70,91,84.4018
70,92,122.3950
70,93,185.8676
70,94,97.9091
70,95,173.6395
70,96,201.9677
70,97,117.5042
70,98,115.8604
70,99,66.9621
70,100,202.8202
70,101,83.3338
70,102,193.4067
70,103,102.7242
70,104,104.9004
70,105,158.9981
70,106,105.1119
70,107,106.4684
70,108,149.2567
70,109,77.4401
70,110,134.2707
70,111,112.0488
70,112,196.6106
70,113,126.8416
70,114,181.6817
70,115,131.2443
70,116,207.8198
70,117,193.4748
70,118,4.2790
70,119,36.9850
70,120,179.2111
70,121,148.4032
70,122,161.7159
70,123,126.6347
70,124,203.5063
70,125,25.9441
70,126,140.3405
70,127,119.0994
70,128,102.5744
70,129,109.9980
70,130,72.6373
70,131,14.3885
70,132,201.3071
70,133,208.3367
70,134,134.8888
70,135,125.9824
70,136,185.9374
70,137,160.3795
70,138,158.0709
70,139,101.7340
70,140,116.7694
70,141,138.1258
70,142,133.7990
70,143,164.3628
70,144,76.7322
70,145,148.8077
70,146,92.3639
70,147,15.0877
70,148,116.3015
70,149,137.7850
71,72,7.7486
71,73,107.8446
71,74,50.2524
71,75,125.6589
71,76,58.1567
71,77,114.3423
71,78,233.7884
71,79,154.0931
71,80,22.4683
71,81,101.0338
71,82,162.5589
71,83,55.6277
71,84,196.0930
71,85,118.4402
71,86,173.0638
71,87,192.2530
71,88,174.1348
71,89,100.3361
71,90,100.3347
71,91,146.9812
71,92,137.1530
71,93,158.4297
71,94,114.9668
71,95,195.0986
71,96,61.8561
71,97,209.8537
71,98,124.1113
71,99,142.8901
71,100,81.5897
71,101,205.6649
71,102,101.3678
71,103,129.2682
71,104,84.2019
71,105,105.3958
71,106,128.2357
71,107,167.5740
71,108,142.1549
71,109,112.5122
71,110,50.5939
71,111,75.9452
71,112,21.0907
71,113,110.9050
71,114,3.4541
71,115,80.7416
71,116,35.1235
71,117,126.9237
71,118,183.2637
71,119,194.1517
71,120,7.0709
71,121,36.4874
71,122,181.4521
71,123,142.4973
71,124,41.6860
71,125,166.5989
71,126,87.4991
71,127,65.9436
71,128,97.6825
71,129,139.1852
71,130,224.6696
71,131,178.2529
71,132,190.6824
71,133,33.9504
71,134,69.0653
71,135,134.0863
71,136,12.8291
71,137,27.5073
71,138,26.7868
71,139,109.5274
71,140,75.3750
71,141,150.7440
71,142,112.1662
71,143,154.3578
71,144,210.9604
71,145,38.0262
71,146,105.8050
71,147,176.2854
71,148,128.7201
71,149,175.1923
72,73,103.3394
72,74,43.4471
72,75,120.6209
72,76,58.4798
72,77,107.3151
72,78,226.1355
72,79,147.1236
72,80,28.9420
72,81,93.3916
72,82,158.5878
72,83,55.5041
72,84,190.7504
72,85,111.5213
72,86,165.3985
72,87,186.5951
72,88,168.3763
72,89,96.0059
72,90,98.5245
72,91,140.8460
72,92,132.4926
72,93,154.0902
72,94,107.5785
72,95,189.6057
72,96,61.9037
72,97,202.7787
72,98,119.0949
72,99,135.2256
72,100,80.6506
72,101,198.1427
72,102,98.8449
72,103,122.1287
72,104,77.1800
72,105,100.4678
72,106,122.7498
72,107,160.5534
72,108,136.5038
72,109,105.3286
72,110,43.0291
72,111,68.2049
72,112,24.9360
72,113,104.4090
72,114,4.4533
72,115,73.9841
72,116,41.1397
72,117,123.7045
72,118,175.6774
72,119,186.4036
72,120,5.9104
72,121,28.8292
72,122,175.7821
72,123,136.0552
72,124,43.7892
72,125,159.1760
72,126,81.4074
72,127,58.4479
72,128,90.1478
72,129,133.9810
72,130,216.9788
72,131,170.5521
72,132,186.2951
72,133,40.2215
72,134,62.1550
72,135,129.5959
72,136,16.4278
72,137,21.6643
72,138,19.2631
72,139,102.1661
72,140,68.7798
72,141,146.7301
72,142,108.0454
72,143,149.1665
72,144,203.3541
72,145,31.3113
72,146,98.1689
72,147,168.5860
72,148,121.9529
72,149,168.8748
73,74,66.6752
73,75,20.1806
73,76,69.5820
73,77,138.1710
73,78,173.0539
73,79,76.7416
73,80,109.7049
73,81,77.8651
73,82,56.0341
73,83,153.6876
73,84,90.1042
73,85,53.5515
73,86,122.3735
73,87,88.3913
73,88,71.8611
73,89,7.9347
73,90,186.4055
73,91,181.4986
73,92,194.5175
73,93,50.7937
73,94,68.8349
73,95,89.9921
73,96,66.3067
73,97,127.0007
73,98,179.3247
73,99,100.4024
73,100,51.8452
73,101,139.7124
73,102,30.0930
73,103,65.8258
73,104,120.5028
73,105,7.6489
73,106,176.5820
73,107,88.7908
73,108,41.3125
73,109,132.6967
73,110,97.2271
73,111,83.1981
73,112,98.3804
73,113,39.6597
73,114,105.2090
73,115,48.4247
73,116,142.5759
73,117,29.5904
73,118,167.4706
73,119,153.7684
73,120,109.2332
73,121,95.3455
73,122,78.0368
73,123,55.0571
73,124,85.6919
73,125,162.8877
73,126,34.0838
73,127,101.5864
73,128,70.6131
73,129,189.4493
73,130,168.4280
73,131,153.5951
73,132,82.9592
73,133,141.1207
73,134,56.2954
73,135,193.8337
73,136,119.6711
73,137,110.4506
73,138,99.2771
73,139,65.7612
73,140,123.6322
73,141,213.6087
73,142,179.0611
73,143,48.3705
73,144,149.3370
73,145,107.7068
73,146,78.9224
73,147,152.2033
73,148,54.1039
73,149,80.0554
74,75,81.1304
74,76,56.4062
74,77,91.0166
74,78,186.4786
74,79,103.8545
74,80,63.1782
74,81,55.0913
74,82,122.6266
74,83,87.5543
74,84,149.5547
74,85,68.1909
74,86,126.2891
74,87,144.5887
74,88,126.1923
74,89,60.5949
74,90,120.2722
74,91,132.0733
74,92,135.9897
74,93,116.6970
74,94,65.9097
74,95,148.0052
74,96,57.2658
74,97,159.6772
74,98,120.9447
74,99,96.4210
74,100,66.0056
74,101,157.0444
74,102,72.7596
74,103,79.2347
74,104,64.8375
74,105,62.0168
74,106,120.7313
74,107,117.3613
74,108,94.7640
74,109,86.9771
74,110,32.7440
74,111,36.2287
74,112,52.6329
74,113,61.0818
74,114,46.8975
74,115,30.5376
74,116,84.5185
74,117,92.2555
74,118,146.8736
74,119,150.5037
74,120,48.6705
74,121,28.6707
74,122,133.7836
74,123,92.7436
74,124,55.9433
74,125,134.0424
74,126,39.0671
74,127,42.5409
74,128,50.1779
74,129,133.4379
74,130,178.0890
74,131,138.5880
74,132,148.2937
74,133,83.6597
74,134,18.8394
74,135,134.4306
74,136,59.2501
74,137,44.4499
74,138,33.5159
74,139,60.3650
74,140,63.4098
74,141,153.7577
74,142,116.8164
74,143,108.7139
74,144,163.1152
74,145,41.0468
74,146,59.5717
74,147,136.7161
74,148,78.5141
74,149,125.6695
75,76,89.7594
75,77,141.6618
75,78,157.8921
75,79,61.9510
75,80,128.9890
75,81,79.0705
75,82,44.3864
75,83,168.6740
75,84,70.7675
75,85,47.5022
75,86,111.1760
75,87,68.4170
75,88,51.6871
75,89,27.9846
75,90,198.4306
75,91,184.5215
75,92,201.1807
75,93,36.6683
75,94,65.4067
75,95,70.3124
75,96,86.4849
75,97,108.7254
75,98,186.1504
75,99,92.9875
75,100,71.4391
75,101,124.3928
75,102,47.4815
75,103,57.2304
75,104,127.7796
75,105,20.3225
75,106,182.3067
75,107,72.6968
75,108,21.6229
75,109,135.9338
75,110,109.1622
75,111,90.5399
75,112,117.5519
75,113,36.3215
75,114,122.8455
75,115,57.1091
75,116,160.6695
75,117,34.6561
75,118,161.4312
75,119,143.2652
75,120,126.4496
75,121,109.4359
75,122,57.9617
75,123,39.2083
75,124,105.6584
75,125,159.4884
75,126,43.5745
75,127,111.0366
75,128,72.4967
75,129,195.0139
75,130,154.2285
75,131,146.3913
75,132,67.3230
75,133,159.3196
75,134,67.4195
75,135,200.9455
75,136,137.0448
75,137,125.5644
75,138,114.5396
75,139,63.8657
75,140,132.6197
75,141,220.7153
75,142,187.9337
75,143,28.8541
75,144,134.6033
75,145,121.4796
75,146,78.9034
75,147,145.1900
75,148,43.8178
75,149,60.5042
76,77,146.9059
76,78,230.6145
76,79,138.1109
76,80,48.1047
76,81,106.9446
76,82,116.3225
76,83,113.6109
76,84,158.5947
76,85,105.2964
76,86,173.0977
76,87,157.7569
76,88,141.4431
76,89,61.8152
76,90,156.8566
76,91,186.7168
76,92,185.6531
76,93,114.7618
76,94,111.2908
76,95,158.9625
76,96,4.1594
76,97,192.5745
76,98,171.2268
76,99,144.9724
76,100,25.4424
76,101,198.6725
76,102,50.5450
76,103,118.6161
76,104,119.2164
76,105,71.1390
76,106,172.7982
76,107,151.5001
76,108,110.4790
76,109,143.1191
76,110,83.5065
76,111,92.4307
76,112,39.4812
76,113,92.6869
76,114,57.3890
76,115,72.7950
76,116,86.4283
76,117,77.9909
76,118,201.7361
76,119,200.7183
76,120,63.3791
76,121,71.9966
76,122,147.5342
76,123,119.7772
76,124,19.4693
76,125,190.0210
76,126,69.0880
76,127,96.8228
76,128,100.5158
76,129,185.0420
76,130,223.7955
76,131,192.0729
76,132,146.1548
76,133,84.4347
76,134,67.2818
76,135,183.3518
76,136,70.7659
76,137,76.9958
76,138,68.2291
76,139,106.0056
76,140,115.1884
76,141,201.6455
76,142,163.1528
76,143,117.5056
76,144,206.6289
76,145,82.0323
76,146,110.7417
76,147,190.2857
76,148,111.9314
76,149,148.5909
77,78,151.2238
77,79,117.7658
77,80,136.2243
77,81,62.8764
77,82,185.4060
77,83,100.0092
77,84,189.5984
77,85,98.4237
77,86,97.8463
77,87,180.0749
77,88,163.4298
77,89,135.9099
77,90,92.0138
77,91,43.3407
77,92,64.0168
77,93,176.5614
77,94,80.3716
77,95,185.7971
77,96,148.1041
77,97,157.5621
77,98,50.8689
77,99,76.6328
77,100,156.1285
77,101,134.7749
77,102,156.7270
77,103,96.7104
77,104,30.1426
77,105,130.8240
77,106,43.5091
77,107,125.6615
77,108,141.9611
77,109,5.8817
77,110,65.8881
77,111,57.5577
77,112,130.1251
77,113,105.8140
77,114,111.6095
77,115,90.7087
77,116,132.0940
77,117,167.7475
77,118,75.8792
77,119,102.0857
77,120,107.8509
77,121,79.9818
77,122,171.0632
77,123,124.9685
77,124,142.2959
77,125,55.5288
77,126,104.5274
77,127,50.8425
77,128,69.1743
77,129,55.1889
77,130,139.6302
77,131,77.7801
77,132,202.0933
77,133,132.8996
77,134,87.0925
77,135,65.3440
77,136,112.6158
77,137,87.5397
77,138,88.3672
77,139,79.6895
77,140,40.1585
77,141,83.8656
77,142,62.6457
77,143,159.3004
77,144,134.1692
77,145,76.3837
77,146,63.9691
77,147,75.8965
77,148,108.0583
77,149,151.5556
78,79,96.3647
78,80,249.5743
78,81,132.7566
78,82,177.0334
78,83,244.0202
78,84,140.0475
78,85,125.4378
78,86,60.7672
78,87,128.8546
78,88,127.0287
78,89,178.1207
78,90,243.2369
78,91,167.8091
78,92,204.8745
78,93,167.9628
78,94,121.0470
78,95,134.7587
78,96,228.9512
78,97,61.7500
78,98,196.4071
78,99,90.9218
78,100,221.7779
78,101,33.5003
78,102,203.1469
78,103,112.0354
78,104,169.2060
78,105,167.3674
78,106,186.1392
78,107,85.2762
78,108,138.7943
78,109,147.7001
78,110,187.1930
78,111,158.5320
78,112,239.1001
78,113,138.7233
78,114,230.3437
78,115,159.6635
78,116,263.6314
78,117,191.6090
78,118,88.9290
78,119,50.1832
78,120,229.8674
78,121,199.1045
78,122,128.9868
78,123,118.7538
78,124,238.7724
78,125,109.0849
78,126,161.5305
78,127,174.7932
78,128,136.5320
78,129,192.7410
78,130,12.0860
78,131,77.1876
78,132,169.4944
78,133,263.5287
78,134,168.7303
78,135,208.0584
78,136,238.8946
78,137,214.9602
78,138,208.9191
78,139,126.6006
78,140,181.4621
78,141,221.7216
78,142,212.3944
78,143,146.9829
78,144,24.0177
78,145,204.1371
78,146,127.9922
78,147,78.6370
78,148,120.2826
78,149,107.6259
79,80,165.2794
79,81,63.5818
79,82,89.5474
79,83,181.1222
79,84,74.3018
79,85,35.6833
79,86,52.0212
79,87,63.6673
79,88,49.4493
79,89,82.0931
79,90,197.4090
79,91,155.1633
79,92,181.7817
79,93,79.6724
79,94,43.6407
79,95,69.8535
79,96,135.9074
79,97,55.9989
79,98,168.2806
79,99,45.4179
79,100,126.4843
79,101,62.9746
79,102,106.8250
79,103,25.9606
79,104,117.7329
79,105,71.3091
79,106,161.2606
79,107,13.6690
79,108,44.9024
79,109,112.0358
79,110,117.5486
79,111,89.0485
79,112,153.9513
79,113,45.7739
79,114,150.7186
79,115,73.5324
79,116,187.8702
79,117,96.3003
79,118,109.9543
79,119,84.1216
79,120,152.0578
79,121,125.1044
79,122,56.1219
79,123,22.8256
79,124,149.1488
79,125,114.3744
79,126,70.4087
79,127,110.9758
79,128,62.2552
79,129,172.5782
79,130,92.2933
79,131,93.1579
79,132,94.0400
79,133,187.1705
79,134,85.0282
79,135,182.9868
79,136,162.3784
79,137,142.6651
79,138,133.6651
79,139,47.8810
79,140,127.3612
79,141,201.6237
79,142,176.6061
79,143,57.7550
79,144,72.8014
79,145,134.1655
79,146,59.7787
79,147,92.4353
79,148,26.4384
79,149,34.1298
80,81,117.3725
80,82,161.5975
80,83,72.9027
80,84,199.6915
80,85,129.7642
80,86,189.1955
80,87,197.1235
80,88,179.5691
80,89,101.8228
80,90,119.2647
80,91,169.4408
80,92,159.1032
80,93,158.7685
80,94,129.0648
80,95,199.2903
80,96,52.2415
80,97,221.2739
80,98,146.2989
80,99,159.1558
80,100,73.4705
80,101,220.1961
80,102,97.0697
80,103,141.6511
80,104,106.0996
80,105,108.7986
80,106,150.6234
80,107,178.9319
80,108,147.5296
80,109,134.1438
80,110,71.3574
80,111,94.0764
80,112,11.5734
80,113,120.3343
80,114,24.7660
80,115,92.0842
80,116,38.7336
80,117,124.1031
80,118,203.5503
80,119,212.0828
80,120,29.4828
80,121,56.9803
80,122,186.4617
80,123,151.2027
80,124,28.7486
80,125,187.6014
80,126,95.8045
80,127,86.8739
80,128,113.0771
80,129,161.4562
80,130,241.0009
80,131,197.6278
80,132,190.8395
80,133,36.6368
80,134,81.5076
80,135,155.9152
80,136,30.2578
80,137,49.9586
80,138,47.9310
80,139,123.5113
80,140,97.6599
80,141,172.1319
80,142,133.7402
80,143,157.8011
80,144,226.2765
80,145,60.2079
80,146,122.0279
80,147,195.6815
80,148,139.1376
80,149,183.0027
81,82,122.5585
81,83,118.8712
81,84,129.5662
81,85,36.3350
81,86,72.0611
81,87,121.0398
81,88,103.3997
81,89,77.1204
81,90,134.0397
81,91,105.4703
81,92,124.5859
81,93,113.6850
81,94,20.2422
81,95,126.2656
81,96,106.5637
81,97,114.8555
81,98,110.0181
81,99,41.9005
81,100,107.4709
81,101,105.2385
81,102,100.8640
81,103,38.3736
81,104,55.0420
81,105,70.2605
81,106,104.8580
81,107,75.0543
81,108,79.4587
81,109,57.0707
81,110,56.5777
81,111,27.0508
81,112,107.3609
81,113,42.9797
81,114,97.5881
81,115,35.7928
81,116,131.6894
81,117,107.2514
81,118,95.5882
81,119,95.4321
81,120,97.2425
81,121,66.9715
81,122,111.2629
81,123,64.4777
81,124,110.3308
81,125,86.9356
81,126,46.6077
81,127,47.7958
81,128,7.4191
81,129,117.2650
81,130,123.7775
81,131,85.1416
81,132,139.7140
81,133,131.4175
81,134,39.7611
81,135,124.9662
81,136,106.5628
81,137,83.6922
81,138,76.5915
81,139,17.6165
81,140,63.9441
81,141,144.4544
81,142,115.4266
81,143,96.7645
81,144,110.0077
81,145,73.7458
81,146,4.7974
81,147,83.3689
81,148,46.9880
81,149,94.6024
82,83,209.7113
82,84,51.1197
82,85,88.4868
82,86,141.5580
82,87,56.6556
82,88,50.6489
82,89,62.8026
82,90,241.7730
82,91,227.9230
82,92,245.5114
82,93,9.9118
82,94,107.0134
82,95,54.1103
82,96,112.3559
82,97,118.9173
82,98,230.5036
82,99,129.7720
82,100,92.4482
82,101,144.6473
82,102,65.8905
82,103,95.1213
82,104,172.1657
82,105,60.8407
82,106,226.5202
82,107,95.3213
82,108,46.7327
82,109,179.6201
82,110,152.4012
82,111,134.9037
82,112,150.8018
82,113,79.5923
82,114,160.1309
82,115,101.1257
82,116,196.6829
82,117,38.5427
82,118,197.8222
82,119,173.5512
82,120,164.4981
82,121,151.2884
82,122,51.0271
82,123,69.1362
82,124,134.9129
82,125,198.7480
82,126,87.1675
82,127,155.1555
82,128,116.2985
82,129,239.1813
82,130,176.1825
82,131,181.6288
82,132,30.0451
82,133,195.0774
82,134,110.7946
82,135,245.3132
82,136,174.7487
82,137,166.4798
82,138,155.3025
82,139,106.3983
82,140,176.8674
82,141,265.0770
82,142,232.2456
82,143,31.8020
82,144,155.9721
82,145,163.6018
82,146,121.9079
82,147,180.7044
82,148,81.4850
82,149,69.4567
83,84,236.1480
83,85,147.7924
83,86,184.8144
83,87,230.3148
83,88,211.8184
83,89,147.0363
83,90,46.8514
83,91,117.6253
83,92,95.7179
83,93,204.1315
83,94,137.7652
83,95,234.2178
83,96,117.1878
83,97,233.7234
83,98,86.2751
83,99,156.2983
83,100,136.1480
83,101,221.0404
83,102,153.3186
83,103,155.1682
83,104,75.3240
83,105,149.4693
83,106,94.0042
83,107,193.4349
83,108,181.2753
83,109,101.1541
83,110,63.7379
83,111,92.2445
83,112,76.1196
83,113,144.9110
83,114,56.2230
83,115,114.5662
83,116,43.8544
83,117,176.9196
83,118,175.8423
83,119,197.8864
83,120,50.2749
83,121,59.4479
83,122,219.6116
83,123,175.6022
83,124,97.1929
83,125,155.3980
83,126,125.9392
83,127,71.3436
83,128,118.9826
83,129,101.7061
83,130,233.3052
83,131,176.1792
83,132,235.8373
83,133,45.7674
83,134,102.7368
83,135,91.6744
83,136,43.6128
83,137,43.2445
83,138,54.4105
83,139,133.2549
83,140,62.9836
83,141,104.6415
83,142,68.9330
83,143,195.9603
83,144,223.6157
83,145,48.0816
83,146,123.3419
83,147,174.2194
83,148,159.2109
83,149,208.4536
84,85,93.5115
84,86,120.2502
84,87,11.7612
84,88,26.2239
84,89,98.0324
84,90,261.0405
84,91,228.7613
84,92,253.1853
84,93,47.0726
84,94,109.9861
84,95,5.3420
84,96,154.9826
84,97,78.4665
84,98,239.0265
84,99,119.7153
84,100,137.1725
84,101,110.9888
84,102,110.5593
84,103,92.9109
84,104,184.2683
84,105,91.0692
84,106,232.9402
84,107,72.2889
84,108,54.8889
84,109,183.7439
84,110,173.8802
84,111,149.8716
84,112,188.2858
84,113,92.1242
84,114,193.1887
84,115,121.6489
84,116,231.1836
84,117,85.3978
84,118,181.6031
84,119,149.3592
84,120,196.5059
84,121,176.7614
84,122,18.5446
84,123,65.1154
84,124,175.6011
84,125,188.1523
84,126,110.5263
84,127,172.1304
84,128,125.4251
84,129,244.7829
84,130,142.0025
84,131,164.3230
84,132,30.7057
84,133,229.8882
84,134,133.4112
84,135,253.9354
84,136,207.1664
84,137,193.7113
84,138,183.0048
84,139,111.9560
84,140,191.8723
84,141,273.1161
84,142,244.9539
84,143,41.9144
84,144,122.5230
84,145,188.1609
84,146,127.0827
84,147,163.9220
84,148,82.5782
84,149,41.0643
85,86,70.1467
85,87,85.4516
85,88,67.4694
85,89,56.2373
85,90,168.2715
85,91,140.0603
85,92,160.8539
85,93,79.1472
85,94,18.5430
85,95,90.4166
85,96,103.5366
85,97,91.6264
85,98,146.3396
85,99,46.8718
85,100,97.1711
85,101,93.3924
85,102,82.1365
85,103,13.4664
85,104,90.7571
85,105,46.3505
85,106,140.9958
85,107,49.2594
85,108,43.5696
85,109,92.5524
85,110,84.0771
85,111,57.3019
85,112,118.5039
85,113,14.2120
85,114,115.0747
85,115,37.8565
85,116,152.3763
85,117,80.1857
85,118,114.5687
85,119,100.7464
85,120,116.5252
85,121,90.3713
85,122,75.3840
85,123,28.7947
85,124,114.7769
85,125,111.9862
85,126,36.2768
85,127,79.7342
85,128,31.9236
85,129,153.2770
85,130,119.1190
85,131,100.2094
85,132,103.6771
85,133,151.6325
85,134,49.3811
85,135,161.2872
85,136,126.9148
85,137,107.9749
85,138,98.5786
85,139,18.8296
85,140,98.5914
85,141,180.7418
85,142,151.4862
85,143,60.9042
85,144,101.4257
85,145,100.1262
85,146,34.4989
85,147,98.8706
85,148,11.5060
85,149,60.8506
86,87,108.6302
86,88,98.3838
86,89,125.9872
86,90,188.4474
86,91,124.6546
86,92,158.0556
86,93,131.6898
86,94,61.9374
86,95,115.1707
86,96,171.8288
86,97,62.9767
86,98,147.1084
86,99,30.1737
86,100,167.1328
86,101,37.1411
86,102,151.8366
86,103,56.9411
86,104,111.1288
86,105,115.6684
86,106,137.8888
86,107,48.4552
86,108,96.4760
86,109,93.3207
86,110,126.5988
86,111,97.7860
86,112,178.9043
86,113,84.2831
86,114,169.6224
86,115,100.7969
86,116,202.9351
86,117,145.8141
86,118,61.8271
86,119,32.2587
86,120,169.1022
86,121,138.3552
86,122,103.6920
86,123,73.7190
86,124,179.7473
86,125,72.3511
86,126,104.6679
86,127,114.6253
86,128,76.1430
86,129,146.8847
86,130,51.8098
86,131,44.4555
86,132,144.0093
86,133,202.8065
86,134,109.0106
86,135,160.4448
86,136,178.1400
86,137,154.3317
86,138,148.1589
86,139,67.3685
86,140,123.1169
86,141,176.7620
86,142,160.4850
86,143,109.7582
86,144,38.8569
86,145,143.6247
86,146,67.3180
86,147,44.3076
86,148,68.3727
86,149,79.6204
87,88,18.4964
87,89,96.2975
87,90,253.6164
87,91,218.6296
87,92,243.8708
87,93,50.8034
87,94,101.1521
87,95,6.5437
87,96,154.3097
87,97,67.5042
87,98,229.8870
87,99,108.9764
87,100,137.4970
87,101,99.4065
87,102,111.3061
87,103,83.6525
87,104,175.9944
87,105,88.3707
87,106,223.5211
87,107,60.8697
87,108,50.1018
87,109,174.2461
87,110,167.4415
87,111,142.4432
87,112,185.6212
87,113,85.5275
87,114,189.2458
87,115,115.7908
87,116,227.3749
87,117,87.6276
87,118,170.0902
87,119,137.6102
87,120,192.2641
87,121,171.1432
87,122,10.8163
87,123,56.6968
87,124,174.0546
87,125,177.0022
87,126,105.5530
87,127,164.8270
87,128,117.3232
87,129,235.2072
87,130,130.5345
87,131,152.7868
87,132,40.8745
87,133,226.1724
87,134,127.7566
87,135,244.7559
87,136,202.9508
87,137,188.3365
87,138,177.8313
87,139,103.5057
87,140,184.0429
87,141,263.7920
87,142,236.4416
87,143,40.2935
87,144,110.9569
87,145,182.2377
87,146,118.2978
87,147,152.4149
87,148,74.2134
87,149,29.8759
88,89,79.6634
88,90,235.4034
88,91,202.8675
88,92,226.9717
88,93,42.4458
88,94,83.7667
88,95,22.9569
88,96,138.1415
88,97,68.2719
88,98,212.8028
88,99,94.6950
88,100,122.2977
88,101,95.3702
88,102,96.7626
88,103,66.7231
88,104,158.1929
88,105,71.1201
88,106,206.7426
88,107,49.9531
88,108,32.0873
88,109,157.5702
88,110,148.9751
88,111,124.2031
88,112,168.0320
88,113,67.0530
88,114,171.0942
88,115,97.2981
88,116,209.2446
88,117,75.2119
88,118,158.6651
88,119,129.0138
88,120,174.0156
88,121,152.6551
88,122,7.9340
88,123,38.9245
88,124,157.1679
88,125,163.8202
88,126,87.1915
88,127,146.5516
88,128,99.3920
88,129,218.6183
88,130,126.9893
88,131,141.5830
88,132,45.6593
88,133,208.0756
88,134,109.2734
88,135,227.7125
88,136,184.7039
88,137,169.8652
88,138,159.3861
88,139,85.7999
88,140,165.9906
88,141,246.9026
88,142,218.8145
88,143,25.6691
88,144,106.8751
88,145,163.7414
88,146,100.8709
88,147,141.0184
88,148,56.4216
88,149,19.8237
89,90,180.7421
89,91,179.2383
89,92,190.8248
89,93,58.1088
89,94,70.0983
89,95,97.9256
89,96,58.6125
89,97,133.5500
89,98,175.6101
89,99,102.7090
89,100,45.0380
89,101,144.9281
89,102,25.9022
89,103,69.0904
89,104,116.8621
89,105,10.7842
89,106,173.2959
89,107,94.5442
89,108,48.7870
89,109,130.5664
89,110,91.9059
89,111,79.8753
89,112,90.5230
89,113,42.0458
89,114,97.7589
89,115,45.3263
89,116,134.9564
89,117,32.7048
89,118,168.8207
89,119,156.9577
89,120,101.9103
89,121,89.1934
89,122,85.9141
89,123,61.0613
89,124,77.7692
89,125,163.2105
89,126,31.4054
89,127,97.2196
89,128,69.7426
89,129,186.1874
89,130,173.0938
89,131,155.4649
89,132,90.3509
89,133,133.4738
89,134,51.8461
89,135,189.9729
89,136,112.2825
89,137,103.8528
89,138,92.6640
89,139,66.5075
89,140,119.3046
89,141,209.7071
89,142,174.5735
89,143,56.3042
89,144,154.2777
89,145,101.6163
89,146,78.6459
89,147,154.0036
89,148,58.2625
89,149,87.3265
90,91,91.1386
90,92,58.9096
90,93,234.9846
90,94,154.2654
90,95,258.3332
90,96,160.1122
90,97,244.8195
90,98,55.6384
90,99,163.5984
90,100,177.5410
90,101,225.5877
90,102,191.4145
90,103,172.4029
90,104,79.9935
90,105,180.9778
90,106,66.1083
90,107,208.0650
90,108,207.2874
90,109,95.7020
90,110,89.3756
90,111,111.2018
90,112,121.3511
90,113,169.1044
90,114,100.2382
90,115,141.5072
90,116,89.8704
90,117,212.5027
90,118,163.8890
90,119,193.9557
90,120,94.1252
90,121,92.1112
90,122,243.3369
90,123,197.0621
90,124,141.9090
90,125,141.8725
90,126,154.8789
90,127,88.9135
90,128,136.6712
90,129,68.6549
90,130,231.6345
90,131,168.8252
90,132,265.4117
90,133,91.9298
90,134,131.0733
90,135,54.2587
90,136,89.3097
90,137,80.7948
90,138,91.1807
90,139,150.9403
90,140,70.0960
90,141,61.8990
90,142,35.4920
90,143,223.4572
90,144,225.7655
90,145,79.7052
90,146,137.6474
90,147,167.0270
90,148,179.6724
90,149,228.4443
91,92,38.3592
91,93,218.8898
91,94,121.6359
91,95,224.6324
91,96,188.3075
91,97,187.4059
91,98,35.5432
91,99,110.8356
91,100,197.9025
91,101,159.1052
91,102,199.7676
91,103,136.7095
91,104,67.5302
91,105,174.1332
91,106,25.1096
91,107,161.0639
91,108,183.5771
91,109,48.8227
91,110,103.4696
91,111,100.3890
91,112,165.1898
91,113,148.4244
91,114,144.7758
91,115,134.0007
91,116,157.1608
91,117,211.0797
91,118,80.3144
91,119,117.8815
91,120,140.0235
91,121,116.3954
91,122,210.2519
91,123,165.2464
91,124,179.8914
91,125,58.8686
91,126,147.8635
91,127,89.9848
91,128,112.0742
91,129,25.8822
91,130,155.7265
91,131,90.6897
91,132,243.3106
91,133,158.4575
91,134,129.9223
91,135,42.3202
91,136,142.3397
91,137,119.4825
91,138,123.2308
91,139,121.6344
91,140,72.6347
91,141,53.9164
91,142,55.6467
91,143,200.8767
91,144,155.6187
91,145,109.7066
91,146,106.0299
91,147,89.3451
91,148,148.9598
91,149,189.2931
92,93,237.1689
92,94,143.3750
92,95,249.5042
92,96,187.9939
92,97,219.7560
92,98,15.2174
92,99,139.9789
92,100,201.1411
92,101,193.8419
92,102,207.9794
92,103,160.2981
92,104,74.0172
92,105,187.6933
92,106,20.5998
92,107,189.5255
92,108,203.9916
92,109,69.7580
92,110,103.7854
92,111,111.3700
92,112,157.4133
92,113,166.5676
92,114,135.7186
92,115,146.1119
92,116,138.8149
92,117,223.4916
92,118,118.3767
92,119,154.7239
92,120,130.1103
92,121,113.7344
92,122,234.6817
92,123,188.2565
92,124,175.1638
92,125,96.6039
92,126,160.4771
92,127,94.2897
92,128,129.9644
92,129,12.4774
92,130,192.8258
92,131,127.7179
92,132,264.2438
92,133,140.5020
92,134,139.1403
92,135,4.6954
92,136,129.5439
92,137,111.0187
92,138,117.9075
92,139,142.0295
92,140,72.6204
92,141,19.9309
92,142,26.7855
92,143,221.2555
92,144,191.3281
92,145,103.8815
92,146,126.4681
92,147,126.2391
92,148,171.0560
92,149,215.5311
93,94,97.6898
93,95,49.2414
93,96,110.9178
93,97,110.5748
93,98,222.2232
93,99,119.9306
93,100,91.8351
93,101,135.3790
93,102,65.0343
93,103,85.4175
93,104,164.1268
93,105,54.6823
93,106,218.0029
93,107,85.6649
93,108,36.9241
93,109,170.7509
93,110,145.6469
93,111,127.0347
93,112,147.7378
93,113,70.8197
93,114,155.8671
93,115,93.7738
93,116,192.9364
93,117,38.6829
93,118,187.9309
93,119,163.7112
93,120,159.9902
93,121,145.2659
93,122,43.8731
93,123,59.2381
93,124,132.8424
93,125,188.9943
93,126,80.1122
93,127,147.6967
93,128,107.5884
93,129,230.6070
93,130,166.8544
93,131,171.7215
93,132,32.2598
93,133,191.4093
93,134,103.9144
93,135,237.0764
93,136,170.3867
93,137,160.8957
93,138,149.7604
93,139,97.2712
93,140,169.2311
93,141,256.8118
93,142,224.4782
93,143,21.9632
93,144,146.6442
93,145,157.4686
93,146,112.8636
93,147,170.8006
93,148,71.8315
93,149,60.6021
94,95,106.5173
94,96,110.1633
94,97,96.5996
94,98,129.0806
94,99,34.0637
94,100,107.0926
94,101,91.1355
94,102,95.5645
94,103,18.1376
94,104,75.2055
94,105,61.2772
94,106,123.3065
94,107,55.6697
94,108,61.9425
94,109,74.4902
94,110,74.4984
94,111,45.5382
94,112,118.3301
94,113,29.7161
94,114,111.5208
94,115,38.8713
94,116,147.3536
94,117,96.8899
94,118,98.7511
94,119,89.8832
94,120,112.0111
94,121,83.2360
94,122,91.5679
94,123,44.9120
94,124,117.9364
94,125,94.5013
94,126,43.8566
94,127,67.3372
94,128,18.7964
94,129,135.4276
94,130,113.2679
94,131,85.5056
94,132,121.8224
94,133,146.8724
94,134,47.7461
94,135,144.0063
94,136,121.9073
94,137,100.5630
94,138,92.3538
94,139,5.5655
94,140,84.1734
94,141,163.2986
94,142,135.3248
94,143,79.2426
94,144,97.4392
94,145,91.4073
94,146,17.1462
94,147,83.9980
94,148,27.7145
94,149,74.3819
95,96,155.4225
95,97,73.2191
95,98,235.4366
95,99,115.2241
95,100,138.0466
95,101,105.6469
95,102,111.5924
95,103,89.2116
95,104,181.1166
95,105,90.5082
95,106,229.2010
95,107,67.3611
95,108,53.2473
95,109,179.9553
95,110,171.6365
95,111,147.1314
95,112,187.8350
95,113,89.7395
95,114,192.1448
95,115,119.6528
95,116,230.2160
95,117,87.0456
95,118,176.6127
95,119,144.1321
95,120,195.3228
95,121,174.9155
95,122,15.0327
95,123,61.7979
95,124,175.6572
95,125,183.4158
95,126,108.9385
95,127,169.4616
95,128,122.3362
95,129,240.9608
95,130,136.6686
95,131,159.3140
95,132,35.5809
95,133,228.9638
95,134,131.5224
95,135,250.3261
95,136,205.9996
95,137,191.9890
95,138,181.3744
95,139,108.6831
95,140,188.9474
95,141,269.4318
95,142,241.6920
95,143,41.6216
95,144,117.1814
95,145,186.1727
95,146,123.6490
95,147,158.9358
95,148,79.3185
95,149,36.2674
96,97,190.0827
96,98,173.4767
96,99,143.9897
96,100,21.2833
96,101,196.8355
96,102,46.5262
96,103,116.9162
96,104,120.7779
96,105,68.1605
96,106,174.8253
96,107,149.2255
96,108,107.3649
96,109,144.1951
96,110,85.3642
96,111,93.0164
96,112,43.4875
96,113,90.6876
96,114,60.9755
96,115,71.9499
96,116,90.5119
96,117,73.9767
96,118,201.6658
96,119,199.8028
96,120,66.9198
96,121,74.2625
96,122,144.1438
96,123,117.2167
96,124,23.6276
96,125,190.3524
96,126,67.4651
96,127,98.3348
96,128,99.9921
96,129,187.1480
96,130,222.3028
96,131,191.7000
96,132,142.2229
96,133,88.5280
96,134,67.0854
96,135,185.7681
96,136,74.5263
96,137,79.9736
96,138,70.9286
96,139,104.9466
96,140,117.1248
96,141,204.1894
96,142,165.7742
96,143,114.0327
96,144,204.9476
96,145,84.6082
96,146,110.2465
96,147,189.9322
96,148,109.8457
96,149,145.6409
97,98,208.0045
97,99,81.4938
97,100,178.5879
97,101,36.4818
97,102,156.1391
97,103,80.6916
97,104,165.0917
97,105,123.0103
97,106,199.3305
97,107,42.3687
97,108,87.4855
97,109,152.4623
97,110,170.9829
97,111,141.6750
97,112,209.9326
97,113,101.3798
97,114,206.4589
97,115,129.4797
97,116,243.2871
97,117,139.5419
97,118,121.3142
97,119,82.1704
97,120,207.5844
97,121,179.7222
97,122,68.8490
97,123,72.9034
97,124,204.5863
97,125,134.7729
97,126,126.1098
97,127,162.5068
97,128,115.2924
97,129,208.9649
97,130,64.9582
97,131,104.5329
97,132,108.3496
97,133,242.6668
97,134,140.8378
97,135,221.8528
97,136,217.7785
97,137,197.1285
97,138,188.6349
97,139,101.6080
97,140,176.0593
97,141,238.8376
97,142,219.7545
97,143,91.2744
97,144,47.0632
97,145,187.9755
97,146,110.3926
97,147,104.9096
97,148,82.2302
97,149,50.5442
98,99,127.4433
98,100,186.2717
98,101,183.4571
98,102,192.8135
98,103,146.2411
98,104,58.8220
98,105,172.5196
98,106,10.9036
98,107,176.4860
98,108,189.3129
98,109,56.4057
98,110,88.8947
98,111,96.2012
98,112,144.0270
98,113,151.7215
98,114,122.4933
98,115,130.9279
98,116,128.2936
98,117,208.2796
98,118,112.0429
98,119,146.2578
98,120,117.0431
98,121,99.2355
98,122,220.5573
98,123,173.9923
98,124,161.2666
98,125,89.9223
98,126,145.2945
98,127,79.1139
98,128,115.2193
98,129,15.5490
98,130,184.4456
98,131,119.6821
98,132,249.5408
98,133,129.8504
98,134,123.9232
98,135,14.9481
98,136,117.2010
98,137,97.4847
98,138,103.8371
98,139,127.5391
98,140,57.5395
98,141,34.5898
98,142,20.1771
98,143,206.5425
98,144,181.6367
98,145,89.7850
98,146,112.0733
98,147,118.0722
98,148,156.6985
98,149,201.8272
99,100,141.1111
99,101,64.8238
99,102,128.5102
99,103,35.7623
99,104,84.3862
99,105,93.1224
99,106,119.3893
99,107,50.2294
99,108,83.0461
99,109,71.3156
99,110,96.7866
99,111,67.7423
99,112,148.9711
99,113,60.8122
99,114,139.4487
99,115,72.2062
99,116,172.9335
99,117,126.6966
99,118,68.5580
99,119,55.8548
99,120,138.9499
99,121,108.2835
99,122,101.5205
99,123,60.9571
99,124,150.5572
99,125,69.6387
99,126,77.9015
99,127,85.4096
99,128,46.2496
99,129,129.9210
99,130,81.8859
99,131,53.4788
99,132,138.3864
99,133,172.7680
99,134,79.5714
99,135,141.6946
99,136,148.0480
99,137,124.4425
99,138,118.0570
99,139,39.0801
99,140,95.8854
99,141,159.5228
99,142,138.3724
99,143,98.9402
99,144,68.5159
99,145,113.8951
99,146,37.1737
99,147,52.2257
99,148,49.3666
99,149,79.2079
100,101,188.8998
100,102,26.8015
100,103,110.5977
100,104,130.8356
100,105,55.6410
100,106,186.5712
100,107,139.2528
100,108,92.9760
100,109,151.6740
100,110,97.3773
100,111,99.0381
100,112,64.3468
100,113,83.3185
100,114,80.3168
100,115,71.6816
100,116,111.5415
100,117,53.9055
100,118,202.9677
100,119,196.7556
100,120,86.0364
100,121,88.2704
100,122,127.7256
100,123,106.0042
100,124,44.9108
100,125,193.7601
100,126,63.2442
100,127,108.5343
100,128,100.3342
100,129,199.1979
100,130,216.0735
100,131,191.5248
100,132,122.4664
100,133,109.5943
100,134,70.3584
100,135,199.2779
100,136,94.3984
100,137,96.7688
100,138,86.7669
100,139,102.3626
100,140,128.9481
100,141,218.2220
100,142,180.3239
100,143,97.3239
100,144,197.8034
100,145,99.6919
100,146,110.4840
100,147,189.8695
100,148,101.5032
100,149,131.8287
101,102,169.7987
101,103,80.1867
101,104,148.0182
101,105,134.1558
101,106,173.9483
101,107,51.7901
101,108,105.3778
101,109,130.3628
101,110,161.3016
101,111,131.9563
101,112,209.4074
101,113,106.2418
101,114,202.2109
101,115,128.9759
101,116,236.9272
101,117,158.1398
101,118,87.3634
101,119,46.8248
101,120,202.2609
101,121,172.2093
101,122,98.1466
101,123,85.2670
101,124,207.7394
101,125,103.2092
101,126,129.6616
101,127,150.2316
101,128,107.9952
101,129,182.3481
101,130,31.6227
101,131,71.4598
101,132,139.2719
101,133,236.6418
101,134,138.7731
101,135,196.4461
101,136,211.7547
101,137,188.7846
101,138,181.8115
101,139,96.6855
101,140,159.8948
101,141,212.1189
101,142,197.3592
101,143,114.0968
101,144,11.5751
101,145,178.4672
101,146,100.4464
101,147,72.1837
101,148,87.4509
101,149,75.6482
102,103,94.9726
102,104,134.8917
102,105,36.2157
102,106,191.6070
102,107,118.7527
102,108,69.0228
102,109,151.6742
102,110,105.4983
102,111,99.3924
102,112,86.8632
102,113,67.9387
102,114,99.4688
102,115,66.6262
102,116,133.8209
102,117,27.4505
102,118,194.0954
102,119,182.8595
102,120,104.6226
102,121,99.5200
102,122,101.7912
102,123,84.9608
102,124,69.4834
102,125,187.6267
102,126,54.2582
102,127,113.7012
102,128,93.4460
102,129,204.4717
102,130,198.4701
102,131,181.0535
102,132,95.8426
102,133,132.0323
102,134,69.9303
102,135,206.6766
102,136,114.0879
102,137,111.4167
102,138,100.5313
102,139,91.6954
102,140,135.4481
102,141,226.1744
102,142,189.5534
102,143,71.4004
102,144,179.4243
102,145,111.8010
102,146,102.8777
102,147,179.5594
102,148,83.8750
102,149,107.7844
103,104,93.2522
103,105,58.8977
103,106,140.0298
103,107,38.7499
103,108,48.5883
103,109,90.8484
103,110,91.5898
103,111,63.1654
103,112,130.5311
103,113,27.3872
103,114,125.8588
103,115,49.5901
103,116,162.5987
103,117,91.1249
103,118,104.2740
103,119,87.9665
103,120,126.8972
103,121,99.3466
103,122,74.3908
103,123,28.5394
103,124,127.6613
103,125,103.6631
103,126,49.5340
103,127,85.2300
103,128,36.4043
103,129,151.8993
103,130,105.6530
103,131,89.1728
103,132,106.8942
103,133,161.9753
103,134,60.4357
103,135,161.1208
103,136,137.0900
103,137,116.8700
103,138,108.0673
103,139,21.9691
103,140,102.3108
103,141,180.2273
103,142,153.1223
103,143,65.3534
103,144,88.0319
103,145,108.2381
103,146,35.0445
103,147,87.9608
103,148,13.7522
103,149,56.3376
104,105,113.7128
104,106,56.7272
104,107,128.1172
104,108,132.4695
104,109,28.6555
104,110,36.4269
104,111,37.4280
104,112,100.1957
104,113,94.2974
104,114,81.4683
104,115,72.1105
104,116,103.2323
104,117,149.5021
104,118,102.6175
104,119,122.5653
104,120,77.7349
104,121,50.1747
104,122,166.0907
104,123,119.3328
104,124,113.1789
104,125,83.8750
104,126,86.4779
104,127,22.4646
104,128,58.8583
104,129,69.6074
104,130,158.2805
104,131,101.2852
104,132,192.3677
104,133,103.8825
104,134,65.3630
104,135,73.3945
104,136,82.7810
104,137,57.5168
104,138,58.2930
104,139,72.4932
104,140,12.3426
104,141,93.1864
104,142,60.8766
104,143,149.4614
104,144,149.5802
104,145,46.2709
104,146,58.2230
104,147,99.3086
104,148,101.8062
104,149,149.5772
105,106,169.5786
105,107,83.7800
105,108,39.4980
105,109,125.3165
105,110,91.6328
105,111,76.3236
105,112,97.3295
105,113,32.3131
105,114,102.6133
105,115,41.6144
105,116,140.3764
105,117,37.0642
105,118,159.9663
105,119,146.8595
105,120,106.3183
105,121,90.6109
105,122,77.7723
105,123,50.3691
105,124,86.1068
105,125,155.2527
105,126,27.2547
105,127,95.2502
105,128,63.0294
105,129,182.4293
105,130,162.4157
105,131,146.2071
105,132,86.4388
105,133,139.0146
105,134,50.2289
105,135,187.0957
105,136,116.8800
105,137,106.2458
105,138,95.1311
105,139,58.1378
105,140,117.2284
105,141,206.8828
105,142,172.7007
105,143,49.1645
105,144,143.5413
105,145,102.8581
105,146,71.2812
105,147,144.7969
105,148,47.6742
105,149,77.4805
106,107,168.9312
106,108,184.3161
106,109,49.2955
106,110,89.5609
106,111,93.4469
106,112,147.5731
106,113,147.2389
106,114,126.3762
106,115,128.1880
106,116,134.9618
106,117,205.8291
106,118,101.2639
106,119,135.9614
106,120,121.1754
106,121,100.9780
106,122,214.4192
106,123,168.1206
106,124,163.9276
106,125,79.1679
106,126,142.4998
106,127,78.2982
106,128,110.5056
106,129,12.8963
106,130,174.1461
106,131,109.2402
106,132,244.5686
106,133,136.4063
106,134,122.0435
106,135,22.5606
106,136,122.2177
106,137,101.0913
106,138,106.4698
106,139,122.1684
106,140,57.7678
106,141,40.3633
106,142,30.6406
106,143,201.6212
106,144,171.8051
106,145,92.4915
106,146,106.5255
106,147,107.6638
106,148,151.0171
106,149,195.0641
107,108,53.6856
107,109,120.0805
107,110,130.0774
107,111,101.2010
107,112,167.6121
107,113,59.3779
107,114,164.1892
107,115,87.1149
107,116,201.2037
107,117,106.3537
107,118,109.3441
107,119,79.2485
107,120,165.4310
107,121,138.0946
107,122,55.2949
107,123,33.8054
107,124,162.7545
107,125,116.3613
107,126,84.0475
107,127,122.7902
107,128,74.4576
107,129,179.8079
107,130,82.3364
107,131,92.1028
107,132,95.6051
107,133,200.5369
107,134,98.5244
107,135,191.0005
107,136,175.6998
107,137,155.6090
107,138,146.8006
107,139,60.3066
107,140,138.2427
107,141,209.2253
107,142,185.8882
107,143,63.8315
107,144,62.3488
107,145,146.8568
107,146,70.9425
107,147,91.6610
107,148,40.0738
107,149,31.3175
108,109,136.0952
108,110,119.3043
108,111,96.6098
108,112,135.9834
108,113,38.3617
108,114,139.1441
108,115,66.8584
108,116,177.2756
108,117,52.9413
108,118,151.2211
108,119,128.7183
108,120,142.1858
108,121,121.8751
108,122,39.2973
108,123,22.8559
108,124,125.5740
108,125,152.0801
108,126,55.7007
108,127,118.5024
108,128,74.1136
108,129,196.6914
108,130,135.9971
108,131,135.2026
108,132,60.2580
108,133,176.0803
108,134,78.5432
108,135,204.2525
108,136,152.8705
108,137,138.8344
108,138,128.1638
108,139,62.2763
108,140,139.0294
108,141,223.8254
108,142,193.3332
108,143,17.3394
108,144,116.0343
108,145,133.3209
108,146,77.9957
108,147,134.2213
108,148,35.1574
108,149,38.8868
109,110,63.2316
109,111,52.7997
109,112,127.6459
109,113,100.0290
109,114,109.6777
109,115,85.4572
109,116,131.6739
109,117,162.2832
109,118,74.8546
109,119,99.0049
109,120,106.1720
109,121,77.4989
109,122,165.2107
109,123,119.0926
109,124,139.1396
109,125,55.3786
109,126,99.1657
109,127,47.9001
109,128,63.4373
109,129,61.0535
109,130,136.2259
109,131,75.4702
109,132,196.2188
109,133,132.3842
109,134,82.2450
109,135,70.9868
109,136,111.4288
109,137,86.1051
109,138,86.2134
109,139,73.8276
109,140,39.7450
109,141,89.6331
109,142,67.4074
109,143,153.4346
109,144,130.1136
109,145,74.7611
109,146,58.1078
109,147,73.5459
109,148,102.1766
109,149,145.7794
110,111,29.5288
110,112,64.4253
110,113,81.9239
110,114,47.4751
110,115,52.6227
110,116,76.5628
110,117,124.1962
110,118,132.6698
110,119,145.0693
110,120,45.0023
110,121,14.3819
110,122,156.8433
110,123,112.0847
110,124,76.7530
110,125,116.2562
110,126,65.5878
110,127,15.5211
110,128,55.7230
110,129,102.0262
110,130,177.3820
110,131,127.9598
110,132,176.3279
110,133,76.5937
110,134,41.7451
110,135,102.0282
110,136,52.5495
110,137,27.7838
110,138,23.8073
110,139,69.7763
110,140,31.7965
110,141,121.2056
110,142,84.0747
110,143,134.8923
110,144,165.2725
110,145,17.1881
110,146,61.2744
110,147,125.9830
110,148,95.5186
110,149,144.8188
111,112,85.0078
111,113,58.2519
111,114,72.5524
111,115,34.7737
111,116,105.1922
111,117,112.3825
111,118,111.1112
111,119,118.2776
111,120,71.5302
111,121,40.5726
111,122,132.1364
111,123,86.0162
111,124,91.6776
111,125,97.8165
111,126,49.1252
111,127,22.4330
111,128,26.7961
111,129,106.3321
111,130,149.0572
111,131,103.8324
111,132,155.9157
111,133,105.0302
111,134,29.5541
111,135,110.8198
111,136,80.3650
111,137,56.8284
111,138,50.4081
111,139,41.1963
111,140,42.4694
111,141,130.6124
111,142,97.4506
111,143,113.2553
111,144,136.2457
111,145,46.7049
111,146,31.7477
111,147,101.9101
111,148,68.7866
111,149,118.0017
112,113,108.8816
112,114,21.8340
112,115,80.9410
112,116,47.2414
112,117,113.6264
112,118,195.3964
112,119,202.4653
112,120,27.7627
112,121,50.1628
112,122,174.9476
112,123,139.6748
112,124,21.2700
112,125,180.1489
112,126,84.3079
112,127,79.8710
112,128,102.7667
112,129,158.8854
112,130,230.7101
112,131,188.8240
112,132,179.8761
112,133,45.3456
112,134,70.6349
112,135,154.4859
112,136,32.5178
112,137,46.5601
112,138,42.0958
112,139,112.7670
112,140,92.7292
112,141,171.4627
112,142,132.8112
112,143,146.3822
112,144,215.6869
112,145,55.4966
112,146,111.9523
112,147,186.8953
112,148,127.7524
112,149,171.4352
113,114,107.6417
113,115,30.8794
113,116,145.5405
113,117,67.1921
113,118,127.9161
113,119,114.9579
113,120,109.7337
113,121,86.0513
113,122,74.9198
113,123,31.6619
113,124,103.3786
113,125,124.2170
113,126,24.7315
113,127,80.2318
113,128,36.7699
113,129,159.8086
113,130,132.7687
113,131,113.9355
113,132,98.0750
113,133,144.6193
113,134,43.0078
113,135,166.6261
113,136,120.3307
113,137,103.4772
113,138,93.3595
113,139,27.6193
113,140,100.6689
113,141,186.3006
113,142,155.1097
113,143,55.1756
113,144,114.7107
113,145,96.8355
113,146,42.5986
113,147,112.5452
113,148,19.3547
113,149,64.6255
114,115,77.4076
114,116,38.1593
114,117,124.7676
114,118,180.1284
114,119,190.7810
114,120,6.1131
114,121,33.2825
114,122,178.4401
114,123,139.2522
114,124,41.6842
114,125,163.5974
114,126,84.3424
114,127,62.8821
114,128,94.2283
114,129,137.4748
114,130,221.2359
114,131,174.9968
114,132,188.1079
114,133,37.0721
114,134,65.6948
114,135,132.7361
114,136,14.6868
114,137,25.3515
114,138,23.6949
114,139,106.0840
114,140,72.8940
114,141,149.6331
114,142,110.9903
114,143,151.4987
114,144,207.5091
114,145,35.4482
114,146,102.3582
114,147,173.0312
114,148,125.3903
114,149,171.9844
115,116,115.0313
115,117,77.6660
115,118,131.3144
115,119,127.9233
115,120,79.1647
115,121,55.3696
115,122,105.0635
115,123,62.4495
115,124,79.1307
115,125,122.4331
115,126,14.3675
115,127,54.0322
115,128,28.6766
115,129,141.0646
115,130,152.0991
115,131,120.2948
115,132,123.9051
115,133,114.1920
115,134,12.1284
115,135,145.4842
115,136,89.6941
115,137,72.6887
115,138,62.4858
115,139,33.4331
115,140,75.8372
115,141,165.2700
115,142,131.2991
115,143,82.2697
115,144,135.8983
115,145,66.5254
115,146,38.8856
115,147,118.5848
115,148,47.9832
115,149,95.4734
116,117,160.2168
116,118,205.7058
116,119,221.3915
116,120,35.8734
116,121,64.7254
116,122,216.5729
116,123,177.1913
116,124,67.3225
116,125,187.0433
116,126,122.4702
116,127,90.1450
116,128,129.3123
116,129,143.8411
116,130,253.9224
116,131,202.9864
116,132,225.1934
116,133,2.2795
116,134,103.1070
116,135,134.9415
116,136,25.5087
116,137,48.7996
116,138,55.1510
116,139,142.0680
116,140,92.0075
116,141,148.4628
116,142,112.1268
116,143,189.4127
116,144,241.4365
116,145,60.0274
116,146,136.4829
116,147,200.9979
116,148,162.9507
116,149,210.0126
117,118,194.7527
117,119,177.8658
117,120,129.5788
117,121,120.5071
117,122,79.0241
117,123,73.4758
117,124,96.8374
117,125,191.3621
117,126,63.4359
117,127,129.9127
117,128,100.0611
117,129,218.7126
117,130,188.4081
117,131,180.1743
117,132,68.5685
117,133,158.5024
117,134,84.5487
117,135,222.6668
117,136,139.4541
117,137,134.1355
117,138,123.0019
117,139,94.3286
117,140,151.9969
117,141,242.4061
117,142,207.2210
117,143,49.6298
117,144,168.6106
117,145,132.9600
117,146,108.0927
117,147,178.8971
117,148,78.0668
117,149,89.3593
118,119,41.1615
118,120,177.5351
118,121,146.8722
118,122,164.5203
118,123,128.6965
118,124,202.7100
118,125,22.1507
118,126,140.7559
118,127,117.4030
118,128,102.6412
118,129,105.9627
118,130,76.9140
118,131,17.3717
118,132,203.8902
118,133,206.2627
118,134,134.5851
118,135,122.0016
118,136,184.0816
118,137,158.5144
118,138,156.4771
118,139,102.4027
118,140,114.3694
118,141,133.9847
118,142,130.1351
118,143,166.5254
118,144,80.9020
118,145,146.9457
118,146,92.4881
118,147,17.6831
118,148,117.9214
118,149,140.6562
119,120,189.4291
119,121,158.1412
119,122,133.7390
119,123,105.9761
119,124,205.5996
119,125,59.5130
119,126,133.6453
119,127,131.2990
119,128,100.9312
119,129,142.6294
119,130,38.1889
119,131,27.2102
119,132,174.6415
119,133,221.5463
119,134,134.6276
119,135,157.8823
119,136,197.5913
119,137,172.6601
119,138,168.0736
119,139,94.9341
119,140,134.9077
119,141,171.7524
119,142,162.4890
119,143,141.7543
119,144,39.7472
119,145,161.3652
119,146,91.0615
119,147,28.5445
119,148,100.0821
119,149,109.6769
120,121,31.3058
120,122,181.4491
120,123,141.3939
120,124,47.7958
120,125,160.5431
120,126,86.9590
120,127,60.1321
120,128,94.3112
120,129,132.1143
120,130,220.5486
120,131,172.9379
120,132,192.1909
120,133,35.1129
120,134,67.2342
120,135,127.0632
120,136,10.6883
120,137,20.6201
120,138,21.3865
120,139,106.6493
120,140,68.6305
120,141,143.8044
120,142,105.1976
120,143,154.9615
120,144,207.2496
120,145,31.4674
120,146,102.0349
120,147,170.9633
120,148,127.0774
120,149,174.2720
121,122,160.3998
121,123,117.2550
121,124,63.5006
121,125,130.6243
121,126,66.4961
121,127,29.9030
121,128,64.8571
121,129,113.1015
121,130,189.5955
121,131,141.7824
121,132,176.7172
121,133,64.4981
121,134,43.3971
121,135,111.5584
121,136,39.7946
121,137,17.6036
121,138,9.9325
121,139,78.1226
121,140,43.8599
121,141,130.1838
121,142,92.0771
121,143,136.5234
121,144,176.7554
121,145,12.4543
121,146,71.7629
121,147,139.8130
121,148,101.5300
121,149,150.2859
122,123,46.7866
122,124,163.6172
122,125,170.3233
122,126,94.7425
122,127,154.4825
122,128,107.3041
122,129,226.2456
122,130,129.6628
122,131,147.3371
122,132,41.2959
122,133,215.3757
122,134,117.0066
122,135,235.4584
122,136,192.1360
122,137,177.5681
122,138,167.0435
122,139,93.6721
122,140,173.9189
122,141,254.6119
122,142,226.6861
122,143,30.4151
122,144,109.7135
122,145,171.5412
122,146,108.6878
122,147,146.8446
122,148,64.3004
122,149,24.1047
123,124,132.4917
123,125,130.4455
123,126,55.4664
123,127,108.4451
123,128,60.6271
123,129,180.1310
123,130,115.0329
123,131,112.5131
123,132,78.4928
123,133,176.2566
123,134,74.5630
123,135,188.9167
123,136,151.9927
123,137,134.7781
123,138,124.8396
123,139,46.8860
123,140,127.3677
123,141,208.1843
123,142,179.8995
123,143,37.9860
123,144,95.3987
123,145,127.6468
123,146,61.9764
123,147,111.5732
123,148,17.5268
123,149,33.0524
124,125,189.1860
124,126,78.7921
124,127,91.4568
124,128,104.6747
124,129,175.7121
124,130,231.2036
124,131,194.5077
124,132,164.5617
124,133,65.2782
124,134,71.0227
124,135,172.5002
124,136,53.6719
124,137,64.3983
124,138,57.4918
124,139,112.4373
124,140,107.3416
124,141,190.0833
124,142,151.3877
124,143,134.0431
124,144,214.9606
124,145,71.5282
124,146,114.5764
124,147,192.6421
124,148,122.7136
124,149,162.7842
125,126,133.4476
125,127,100.7580
125,128,94.3184
125,129,84.2540
125,130,96.9993
125,131,32.3906
125,132,207.9801
125,133,187.7345
125,134,123.8573
125,135,100.1232
125,136,166.3921
125,137,140.9021
125,138,139.9145
125,139,97.1441
125,140,95.1126
125,141,112.7591
125,142,107.9943
125,143,168.3652
125,144,98.3462
125,145,129.4097
125,146,84.7499
125,147,31.3113
125,148,117.3746
125,149,147.1484
126,127,68.1493
126,128,39.1911
126,129,155.3692
126,130,154.8476
126,131,128.6134
126,132,110.7948
126,133,121.4143
126,134,23.8474
126,135,159.8505
126,136,97.6404
126,137,83.2197
126,138,72.4787
126,139,39.1444
126,140,90.0589
126,141,179.6356
126,142,145.5350
126,143,70.0293
126,144,137.5415
126,145,78.2807
126,146,48.7541
126,147,127.0069
126,148,43.9743
126,149,87.7927
127,128,48.8481
127,129,91.0709
127,130,164.6303
127,131,113.2187
127,132,177.2813
127,133,90.3765
127,134,45.3875
127,135,93.0995
127,136,67.0384
127,137,41.6278
127,138,39.1873
127,139,63.3082
127,140,22.0849
127,141,112.7266
127,142,77.4764
127,143,134.9020
127,144,153.4700
127,145,30.1581
127,146,52.1371
127,147,111.2347
127,148,91.2161
127,149,140.3992
128,129,123.0481
128,130,127.9525
128,131,91.7822
128,132,134.3224
128,133,128.9191
128,134,33.7101
128,135,130.1530
128,136,103.9681
128,137,82.0328
128,138,74.1813
128,139,14.4601
128,140,66.7803
128,141,149.7595
128,142,119.6558
128,143,91.3236
128,144,113.4073
128,145,72.6832
128,146,10.2677
128,147,90.0444
128,148,43.1264
128,149,91.8184
129,130,180.6794
129,131,115.5573
129,132,256.9218
129,133,145.3994
129,134,134.9359
129,135,16.5543
129,136,132.5446
129,137,112.3271
129,138,118.2207
129,139,134.4655
129,140,70.2795
129,141,29.8868
129,142,34.1200
129,143,214.0134
129,144,179.5624
129,145,104.1870
129,146,118.7797
129,147,114.1104
129,148,163.1394
129,149,206.5189
130,131,65.1224
130,132,170.6885
130,133,253.8835
130,134,160.6871
130,135,196.0277
130,136,229.3820
130,137,205.1657
130,138,199.4606
130,139,118.7770
130,140,170.5757
130,141,209.6400
130,142,200.5624
130,143,145.4378
130,144,20.2114
130,145,194.2090
130,146,119.0593
130,147,66.5872
130,148,114.8900
130,149,107.2705
131,132,186.9256
131,133,203.3562
131,134,124.8171
131,135,130.9645
131,136,180.2514
131,137,154.8256
131,138,151.6095
131,139,89.6443
131,140,113.4899
131,141,144.5791
131,142,136.4853
131,143,150.1538
131,144,66.0456
131,145,143.2999
131,146,81.5145
131,147,1.9887
131,148,102.6362
131,149,123.4203
132,133,223.6617
132,134,134.6298
132,135,264.4755
132,136,202.6108
132,137,192.6462
132,138,181.5530
132,139,122.4638
132,140,198.3712
132,141,284.0685
132,142,253.1433
132,143,42.9990
132,144,150.8466
132,145,188.7962
132,146,138.1687
132,147,186.2951
132,148,94.3508
132,149,65.0596
133,134,102.3135
133,135,136.6581
133,136,24.9663
133,137,48.8895
133,138,54.8303
133,139,141.5606
133,140,92.7742
133,141,150.3219
133,142,113.8434
133,143,188.0880
133,144,241.2519
133,145,60.2250
133,146,136.2135
133,147,201.3682
133,148,162.1441
133,149,209.0340
134,135,138.1931
134,136,77.7123
134,137,60.6221
134,138,50.3617
134,139,42.1807
134,140,67.4703
134,141,157.9044
134,142,122.8170
134,143,93.5524
134,144,145.1789
134,145,54.7970
134,146,43.7661
134,147,123.0205
134,148,59.8444
134,149,107.5947
135,136,126.2105
135,137,108.2218
135,138,115.4088
135,139,142.4854
135,140,71.2285
135,141,19.7931
135,142,22.8152
135,143,221.4766
135,144,194.1559
135,145,101.4233
135,146,127.0110
135,147,129.4510
135,148,171.6348
135,149,216.6108
136,137,25.5675
136,138,29.9944
136,139,116.6006
136,140,72.6834
136,141,142.0676
136,142,103.8370
136,143,165.5937
136,144,216.4852
136,145,37.1363
136,146,111.3602
136,147,178.2683
136,148,137.5494
136,149,184.8964
137,138,11.1893
137,139,95.5237
137,140,48.0560
137,141,125.6851
137,142,86.9909
137,143,153.1127
137,144,192.9539
137,145,11.5718
137,146,88.4539
137,147,152.8403
137,148,119.1261
137,149,167.8204
138,139,87.1416
138,140,50.6659
138,141,133.4736
138,142,94.9311
138,143,142.2295
138,144,186.4912
138,145,14.0523
138,146,81.3883
138,147,149.6374
138,148,109.5580
138,149,157.8901
139,140,80.9345
139,141,161.9215
139,142,133.0151
139,143,79.6145
139,144,103.0029
139,145,86.5650
139,146,15.7205
139,147,88.0821
139,148,29.3800
139,149,77.5040
140,141,90.7700
140,142,55.4767
140,143,155.7227
140,144,161.6728
140,145,37.4685
140,146,67.5832
140,147,111.5174
140,148,109.8938
140,149,158.4180
141,142,38.6997
141,143,241.0738
141,144,209.1330
141,145,119.6134
141,146,146.3774
141,147,143.2084
141,148,190.9743
141,149,235.4123
142,143,210.2852
142,144,196.3993
142,145,81.1677
142,146,118.1855
142,147,134.7784
142,148,162.3930
142,149,209.3715
143,144,125.2466
143,145,148.2725
143,146,95.3342
143,147,149.2802
143,148,52.1934
143,149,40.7328
144,145,182.3478
144,146,105.2169
144,147,67.0366
144,148,96.3270
144,149,87.1245
145,146,78.4526
145,147,141.3139
145,148,111.4654
145,149,160.5758
146,147,79.7776
146,148,44.6259
146,149,91.3820
147,148,101.4693
147,149,122.9733
148,149,49.3529
